software_name,cpe_uri,cpe_vendor,cpe_product,match_confidence,status,nvd_url,last_verified_date,deprecated_at,deprecated_reason,product_id,cpe_coverage_flag,data_quality_notes
.NET 10 PQC,,,,,not_found,,,,,,,
.NET System.Security.Cryptography,,,,,not_found,,,,,,,
01 Quantum IronCAP,,,,,not_found,,,,,,,
10.512,,,,,not_found,,,,,,,
1Password,,,,,not_found,,,,,,,
9.512,,,,,not_found,,,,,,,
@noble/curves,,,,,not_found,,,,,,,
@noble/hashes,,,,,not_found,,,,,,,
A10 Networks Thunder ADC,,,,,not_found,,,,,,,
AdGuard DNS,cpe:2.3:a:adguard-dns:adguard_dns:2.2:*:*:*:*:*:*:*,adguard-dns,adguard_dns,exact,matched,https://nvd.nist.gov/products/cpe/search#results?namingFormat=2.3&keyword=adguard%20dns,2026-08-07,,,,,
Adobe Acrobat Sign,,,,,not_found,,,,,,,
Adva FSP 3000 S-Flex,,,,,not_found,,2026-04-01,2026-07-11,not in regen,adva-fsp-3000-s-flex,cpe_not_found_pending_nvd,'Adva FSP 3000 S-Flex' not yet indexed in NVD CPE dictionary. PQC-specific products are emerging; re-verify when NVD CPE 2.3 coverage expands. Consider submitting CPE request via https://nvd.nist.gov/products/cpe/request-cpe
Adva Network Security FSP 3000 S-Flex,,,,,not_found,,,,,,,
Africa Quantum Consortium PQC,,,,,not_found,,,,,,,
age (file encryption),,,,,not_found,,,,,,,
age-plugin-pqkem,,,,,not_found,,,,,,,
Aigis Reference Implementation,,,,,not_found,,,,,,,
AIMer Reference Implementation,,,,,not_found,,,,,,,
Akamai Connected Cloud,,,,,not_found,,,,,,,
Akamai Edge,,,,,not_found,,,,,,,
Akamai PQC Edge,,,,,not_found,,,,,,,
Algorand,,,,,not_found,,,,,,,
Algorand FALCON Mainnet,,,,,not_found,,,,,,,
Alibaba Cloud Crypto,,,,,not_found,,,,,,,
Alibaba Cloud GVSM,,,,,not_found,,,,,,,
Alpine Linux,cpe:2.3:o:alpinelinux:alpine_linux:-:*:*:*:*:*:*:*,alpinelinux,alpine_linux,exact,matched,https://nvd.nist.gov/products/cpe/search#results?namingFormat=2.3&keyword=alpine%20linux,2026-08-07,,,,,
Amazon CloudFront,cpe:2.3:a:amazon:amazon_cloudfront:-:*:*:*:*:*:*:*,amazon,amazon_cloudfront,exact,matched,https://nvd.nist.gov/products/cpe/search#results?namingFormat=2.3&keyword=amazon%20cloudfront,2026-04-01,2026-07-11,not in regen,amazon-cloudfront,cpe_matched,"CPE verified. Source: NVD, 2026-05-06."
Amazon CloudFront Post-Quantum TLS,,,,,not_found,,,,,,,
Amazon Cognito,,,,,not_found,,,,,,,
Amazon EKS,,,,,not_found,,,,,,,
Amazon Web Services (AWS),,,,,not_found,,,,,,,
AMD SEV-SNP (Secure Encrypted Virtualization),,,,,not_found,,,,,,,
AMD Versal Adaptive SoC,,,,,not_found,,,,,,,
American Binary Ambit Client,,,,,not_found,,,,,,,
Anchorage Digital,,,,,not_found,,,,,,,
Android 16,,,,,not_found,,,,,,,
Android 17 PQC,,,,,not_found,,,,,,,
Angela CryptoModule Cryptographic Algorithm Library,,,,,not_found,,,,,,,
ANKATech ANKASecure,,,,,not_found,,,,,,,
AnyDesk Remote Desktop,,,,,not_found,,,,,,,
Apache Guacamole,cpe:2.3:a:apache:guacamole:0.8.3:*:*:*:*:*:*:*,apache,guacamole,exact,matched,https://nvd.nist.gov/products/cpe/search#results?namingFormat=2.3&keyword=apache%20guacamole,2026-08-07,,,,,
Apache HTTP Server,cpe:2.3:a:apache:http_server:1.2:*:*:*:*:*:*:*,apache,http_server,exact,matched,https://nvd.nist.gov/products/cpe/search#results?namingFormat=2.3&keyword=apache%20http_server,2026-08-07,,,,,
Apache Tomcat,cpe:2.3:a:apache:tomcat:-:*:*:*:*:*:*:*,apache,tomcat,exact,matched,https://nvd.nist.gov/products/cpe/search#results?namingFormat=2.3&keyword=apache%20tomcat,2026-08-07,,,,,
Apache Traffic Server,cpe:2.3:a:apache:traffic_server:2.0.0:*:*:*:*:*:*:*,apache,traffic_server,exact,matched,https://nvd.nist.gov/products/cpe/search#results?namingFormat=2.3&keyword=apache%20traffic%20server,2026-08-07,,,,,
Apple codesign,,,,,not_found,,,,,,,
Apple PQ3 / CoreCrypto,,,,,not_found,,,,,,,
Apple Safari,cpe:2.3:a:apple:safari:-:*:*:*:*:*:*:*,apple,safari,exact,matched,https://nvd.nist.gov/products/cpe/search#results?namingFormat=2.3&keyword=apple%20safari,2026-08-07,,,,,
Applivery UEM PQC,,,,,not_found,,,,,,,
AppViewX CERT+,,,,,not_found,,,,,,,
AppViewX Spring 2026,,,,,not_found,,,,,,,
Aptos,cpe:2.3:a:aptosfoundation:aptos:1.4.3:*:*:*:*:*:*:*,aptosfoundation,aptos,exact,matched,https://nvd.nist.gov/products/cpe/search#results?namingFormat=2.3&keyword=aptos%20aptos,2026-08-07,,,,,
Arch Linux,,,,,not_found,,,,,,,
archTIS Cryptographic Library,,,,,not_found,,,,,,,
Arctera Cryptographic Module for Java,,,,,not_found,,,,,,,
Arista EOS (Extensible Operating System),,,,,not_found,,,,,,,
ARM Confidential Compute Architecture (CCA),,,,,not_found,,,,,,,
ARM Trusted Firmware (TF-A),cpe:2.3:a:arm:trusted_firmware-a:-:*:*:*:*:*:*:*,arm,trusted_firmware-a,partial,partial,https://nvd.nist.gov/products/cpe/search#results?namingFormat=2.3&keyword=arm%20trusted%20firmware%20%28tf-a%29,2026-08-07,,,,,
ARM TrustZone,,,,,not_found,,,,,,,
Arqit 6WIND Telco PQC,,,,,not_found,,,,,,,
Arqit Encryption Intelligence,,,,,not_found,,,,,,,
Arqit QuantumCloud,,,,,not_found,,,,,,,
Ascertia ADSS PKI Server,,,,,not_found,,,,,,,
Ascertia ADSS Server/SAM,,,,,not_found,,,,,,,
Ascertia ADSS Signing Server,,,,,not_found,,,,,,,
ASI-HSM AHX5 KNET Cryptographic Module,,,,,not_found,,,,,,,
ASUS Post-Quantum Cryptography Module,,,,,not_found,,,,,,,
ASUSTOR ADM 5.1 PQC,,,,,not_found,,,,,,,
ASUSTOR Post-Quantum Cryptography Module,,,,,not_found,,,,,,,
AsyncSSH,cpe:2.3:a:asyncssh_project:asyncssh:0.1.0:*:*:*:*:*:*:*,asyncssh_project,asyncssh,exact,matched,https://nvd.nist.gov/products/cpe/search#results?namingFormat=2.3&keyword=asyncssh%20asyncssh,2026-08-07,,,,,
AT&T Business Quantum-Resilient SD-WAN (Cisco 8000 Series Secure Router),,,,,not_found,,,,,,,
Auth0 (Okta Customer Identity),,,,,not_found,,,,,,,
AUTOCRYPT PKI-Vehicles,,,,,not_found,,,,,,,
Avalanche,,,,,not_found,,,,,,,
AWS API Gateway PQC,,,,,not_found,,,,,,,
AWS Application Load Balancer (ALB),,,,,not_found,,,,,,,
AWS Certificate Manager,,,,,not_found,,,,,,,
AWS CloudHSM,,,,,not_found,,,,,,,
AWS Identity and Access Management (IAM),,,,,not_found,,,,,,,
AWS Key Management Service Cryptographic Algorithm Library,,,,,not_found,,,,,,,
AWS KMS,,,,,not_found,,,,,,,
AWS KMS (Cloud Gateway),,,,,not_found,,,,,,,
AWS Payments Cryptography PQC,,,,,not_found,,,,,,,
AWS Private CA PQC,,,,,not_found,,,,,,,
AWS s2n-tls,,,,,not_found,,,,,,,
AWS Secrets Manager,,,,,not_found,,,,,,,
AWS Transfer Family,,,,,not_found,,,,,,,
AWS-LC,cpe:2.3:a:amazon:aws-lc-sys:-:*:*:*:*:rust:*:*,amazon,aws-lc-sys,exact,matched,https://nvd.nist.gov/products/cpe/search#results?namingFormat=2.3&keyword=amazon%20aws-lc,2026-08-07,,,,,
Azure AKS,,,,,not_found,,,,,,,
Azure Dedicated HSM (Marvell LiquidSecurity),,,,,not_found,,,,,,,
Azure DevOps,,,,,not_found,,,,,,,
Azure Key Vault,,,,,not_found,,,,,,,
Azure Managed HSM,,,,,not_found,,,,,,,
Barracuda Email Protection,,,,,not_found,,,,,,,
BERTEN MLDS-B235,,,,,not_found,,,,,,,
BERTEN MLKE-B135,,,,,not_found,,,,,,,
Best PQC MLKEM,,,,,not_found,,,,,,,
BeyondTrust Pathfinder Platform,,,,,not_found,,,,,,,
Bitcoin Core,cpe:2.3:a:bitcoincore:bitcoin_core:0.16.2:*:*:*:*:*:*:*,bitcoincore,bitcoin_core,exact,matched,https://nvd.nist.gov/products/cpe/search#results?namingFormat=2.3&keyword=bitcoin%20core,2026-08-07,,,,,
BitGo,,,,,not_found,,,,,,,
BitLocker (Windows),,,,,not_found,,,,,,,
Bitvise SSH Server,,,,,not_found,,,,,,,
Bitwarden,cpe:2.3:a:bitwarden:server:1.0.0:*:*:*:*:*:*:*,bitwarden,server,partial,partial,https://nvd.nist.gov/products/cpe/search#results?namingFormat=2.3&keyword=bitwarden%20bitwarden,2026-08-07,,,,,
BlackBerry Certicom Security Builder FIPS Module,,,,,not_found,,,,,,,
BlackBerry QNX Hypervisor 8.0 for Safety,,,,,not_found,,,,,,,
Blocare PQC Module,,,,,not_found,,,,,,,
BoringCrypto,,,,,not_found,,,,,,,
BoringSSL,cpe:2.3:a:google:chrome:0.2.149.29:*:*:*:*:*:*:*,google,chrome,exact,matched,https://nvd.nist.gov/products/cpe/search#results?namingFormat=2.3&keyword=google%20chrome,2026-08-07,,,,,
Botan,cpe:2.3:a:botan_project:botan:1.10.0:*:*:*:*:*:*:*,botan_project,botan,exact,matched,https://nvd.nist.gov/products/cpe/search#results?namingFormat=2.3&keyword=botan%20botan,2026-08-07,,,,,
Bouncy Castle,cpe:2.3:a:bouncycastle:legion-of-the-bouncy-castle-java-crytography-api:1.36:*:*:*:*:*:*:*,bouncycastle,legion-of-the-bouncy-castle-java-crytography-api,exact,matched,https://nvd.nist.gov/products/cpe/search#results?namingFormat=2.3&keyword=bouncy%20castle,2026-08-07,,,,,
Bouncy Castle C# .NET,,,,,not_found,,,,,,,
Bouncy Castle C\# / Java,,,,,not_found,,,,,,,
Bouncy Castle Java,cpe:2.3:a:bouncycastle:legion-of-the-bouncy-castle-java-crytography-api:1.36:*:*:*:*:*:*:*,bouncycastle,legion-of-the-bouncy-castle-java-crytography-api,exact,matched,https://nvd.nist.gov/products/cpe/search#results?namingFormat=2.3&keyword=bouncy%20castle%20java,2026-08-07,,,,,
Bouncy Castle Java LTS,,,,,not_found,,,,,,,
Bradesco IBM Quantum Safe,,,,,not_found,,,,,,,
Brave Browser,cpe:2.3:a:brave:browser:1.9.56:*:*:*:*:android:*:*,brave,browser,exact,matched,https://nvd.nist.gov/products/cpe/search#results?namingFormat=2.3&keyword=brave%20browser,2026-08-07,,,,,
Broadcom Avi (NSX ALB),,,,,not_found,,,,,,,
Broadcom Emulex SecureHBA,,,,,not_found,,,,,,,
Broadcom PGP Cryptographic Engine,,,,,not_found,,,,,,,
Broadcom Symantec DLP,,,,,not_found,,,,,,,
Broadcom Symantec SES,,,,,not_found,,,,,,,
BTQ Bitcoin Quantum,,,,,not_found,,,,,,,
BTQ Bitcoin Quantum Testnet,,,,,not_found,,,,,,,
C-DOT ML-KEM Cryptographic Algorithms,,,,,not_found,,,,,,,
C-DOT Quantum CEM Encryptor,,,,,not_found,,,,,,,
Caddy Server,,,,,not_found,,,,,,,
Cardano,,,,,not_found,,,,,,,
CAST KiviPQC-KEM,,,,,not_found,,,,,,,
CATO Networks SASE,,,,,not_found,,,,,,,
CBOMkit,,,,,not_found,,,,,,,
cdxgen,,,,,not_found,,,,,,,
Cellcrypt PQC Communications,,,,,not_found,,,,,,,
CentOS Stream,cpe:2.3:o:centos:stream:8:*:*:*:*:*:*:*,centos,stream,exact,matched,https://nvd.nist.gov/products/cpe/search#results?namingFormat=2.3&keyword=centos%20stream,2026-08-07,,,,,
Certicom Code Signing and Key Management Server,,,,,not_found,,,,,,,
CGI Momentum Java Cryptographic Module,,,,,not_found,,,,,,,
Chainguard FIPS Provider for OpenSSL (NEON),,,,,not_found,,,,,,,
Chainguard FIPS Provider for OpenSSL (SHA3_ASM),,,,,not_found,,,,,,,
Chainguard FIPS Provider for OpenSSL (SHA3_AVX2),,,,,not_found,,,,,,,
Chainguard FIPS Provider for OpenSSL (SHA3_AVX512),,,,,not_found,,,,,,,
Chainguard FIPS Provider for OpenSSL (SHA3_AVX512VL),,,,,not_found,,,,,,,
Chainguard FIPS Provider for OpenSSL (SHA3_CE),,,,,not_found,,,,,,,
Chainguard FIPS Provider for OpenSSL (SHA_AVX),,,,,not_found,,,,,,,
Chainguard FIPS Provider for OpenSSL (SHA_SHANI),,,,,not_found,,,,,,,
Chainguard FIPS Provider for OpenSSL (SHA_SSSE3),,,,,not_found,,,,,,,
Check Point Quantum,cpe:2.3:h:checkpoint:quantum_security_management:-:*:*:*:*:*:*:*,checkpoint,quantum_security_management,partial,partial,https://nvd.nist.gov/products/cpe/search#results?namingFormat=2.3&keyword=check%20point%20quantum,2026-08-07,,,,,
Checkmarx One,,,,,not_found,,,,,,,
Chelpis Quantum PQC (Taiwan),,,,,not_found,,,,,,,
China Telecom Quantum Group,,,,,not_found,,,,,,,
ChromeOS,,,,,not_found,,,,,,,
chrony (NTS-KE),,,,,not_found,,,,,,,
Ciena WaveLogic 6 Extreme,,,,,not_found,,,,,,,
Cilium Service Mesh PQC,,,,,not_found,,,,,,,
CipherLinq,,,,,not_found,,,,,,,
CipherPlus PQC Cryptographic Module,,,,,not_found,,,,,,,
CIQ Rocky Linux CAVP PQC,,,,,not_found,,,,,,,
CIRCL,cpe:2.3:a:secretcircle:secret_circle_-_talk_freely:2.2.00.26:*:*:*:*:android:*:*,secretcircle,secret_circle_-_talk_freely,exact,matched,https://nvd.nist.gov/products/cpe/search#results?namingFormat=2.3&keyword=circl%20circl,2026-08-07,,,,,
CircleCI,,,,,not_found,,,,,,,
CISA PQC Migration Framework,,,,,not_found,,,,,,,
Cisco AI Defense (formerly Robust Intelligence Platform),,,,,not_found,,,,,,,
Cisco ASA (Adaptive Security Appliance),,,,,not_found,,,,,,,
Cisco Catalyst 9500 PQC,,,,,not_found,,,,,,,
Cisco Catalyst Center,cpe:2.3:a:cisco:dna_center:1.2.5:*:*:*:*:*:*:*,cisco,dna_center,partial,partial,https://nvd.nist.gov/products/cpe/search#results?namingFormat=2.3&keyword=cisco%20catalyst%20center,2026-08-07,,,,,
Cisco Identity Services Engine (ISE),cpe:2.3:h:cisco:identity_services_engine:-:*:*:*:*:*:*:*,cisco,identity_services_engine,exact,matched,https://nvd.nist.gov/products/cpe/search#results?namingFormat=2.3&keyword=cisco%20identity%20services%20engine%20%28ise%29,2026-08-07,,,,,
Cisco IOS XE PQC,,,,,not_found,,,,,,,
Cisco IOS XR,cpe:2.3:o:cisco:ios_xr_for_crs-1:-:*:*:*:*:*:*:*,cisco,ios_xr_for_crs-1,exact,matched,https://nvd.nist.gov/products/cpe/search#results?namingFormat=2.3&keyword=cisco%20ios%20xr,2026-08-07,,,,,
Cisco Meraki MX (Cloud-Managed Firewall),,,,,not_found,,,,,,,
Cisco Secure Client (AnyConnect),,,,,not_found,,,,,,,
Cisco Webex,cpe:2.3:a:cisco:webex_recording_format_player:27.21.10:*:*:*:*:*:*:*,cisco,webex_recording_format_player,exact,matched,https://nvd.nist.gov/products/cpe/search#results?namingFormat=2.3&keyword=cisco%20webex,2026-08-07,,,,,
citadel_pqcrypto,,,,,not_found,,,,,,,
Citrix ADC (NetScaler),,,,,not_found,,,,,,,
Citrix CVAD,,,,,not_found,,,,,,,
Citrix Virtual Apps and Desktops,cpe:2.3:a:citrix:virtual_apps_and_desktops:1903:*:*:*:ltsr:*:*:*,citrix,virtual_apps_and_desktops,exact,matched,https://nvd.nist.gov/products/cpe/search#results?namingFormat=2.3&keyword=citrix%20virtual%20apps%20and%20desktops,2026-08-07,,,,,
Claroty Platform,,,,,not_found,,,,,,,
Classic McEliece Reference,,,,,not_found,,,,,,,
CLEAR Cryptosystem,,,,,not_found,,,,,,,
Cloudera Cryptographic Module for Java,,,,,not_found,,,,,,,
Cloudflare CIRCL,cpe:2.3:a:cloudflare:circl:1.3.3:*:*:*:*:go:*:*,cloudflare,circl,exact,matched,https://nvd.nist.gov/products/cpe/search#results?namingFormat=2.3&keyword=cloudflare%20circl,2026-08-07,,,,,
Cloudflare Edge Network,,,,,not_found,,,,,,,
Cloudflare Zero Trust,,,,,not_found,,,,,,,
Cloudian-FJA (FIPS Java API),,,,,not_found,,,,,,,
CockroachDB Encryption,,,,,not_found,,,,,,,
Code Siren Post-Quantum Cryptographic (PQC) Library,,,,,not_found,,,,,,,
Codebat ML-DSA Cryptographic Engine,,,,,not_found,,,,,,,
Codegic Khatim PKI Server,,,,,not_found,,,,,,,
Codegic Khatim Sign Server,,,,,not_found,,,,,,,
Cohesity DataCloud,,,,,not_found,,,,,,,
Coinbase Custody,,,,,not_found,,,,,,,
Commvault Cloud,,,,,not_found,,,,,,,
composite_mkcert,,,,,not_found,,,,,,,
Confluent Cloud Kafka PQC,,,,,not_found,,,,,,,
Copper.co,,,,,not_found,,,,,,,
coreboot,cpe:2.3:o:coreboot:coreboot:4.13:*:*:*:*:*:*:*,coreboot,coreboot,exact,matched,https://nvd.nist.gov/products/cpe/search#results?namingFormat=2.3&keyword=coreboot%20coreboot,2026-08-07,,,,,
CoreDNS PQC DNSSEC,,,,,not_found,,,,,,,
Cosmian covercrypt,,,,,not_found,,,,,,,
Cosmian KMS,,,,,not_found,,,,,,,
Cosmos/Tendermint,,,,,not_found,,,,,,,
Cranium AI Security Platform,,,,,not_found,,,,,,,
CREDEBL,,,,,not_found,,,,,,,
CrowdStrike Falcon,cpe:2.3:a:crowdstrike:falcon:6.31.14505.0:*:*:*:*:*:*:*,crowdstrike,falcon,exact,matched,https://nvd.nist.gov/products/cpe/search#results?namingFormat=2.3&keyword=crowdstrike%20falcon,2026-08-07,,,,,
Crucible,,,,,not_found,,,,,,,
Crypto Quantique QDID Platform,,,,,not_found,,,,,,,
Crypto++ (cryptopp),,,,,not_found,,,,,,,
Crypto4A QxEDGE,,,,,not_found,,,,,,,
Crypto4A QxHSM,,,,,not_found,,,,,,,
Crypto4A QxVault,,,,,not_found,,,,,,,
Cryptographic library NesLib 6.11.0 on ST31R480 A01 référence NesLib version 6.11,,,,,not_found,,,,,,,
Cryptographic library NESLIB 6.11.3 on ST31R480 A01 (version 6.11.3)(ANSSI-CC-2025/26),,,,,not_found,,,,,,,
Cryptographic library NESLIB 6.11.3 on ST31R480 B01 (version 6.11.3) (ANSSI-CC-2025/27),,,,,not_found,,,,,,,
Cryptographic library NesLib 6.11.6 on ST33K1M5A and ST33K1M5M B04 Version : 6.11.6 / B04 (EUCC-3090-2026-17),,,,,not_found,,,,,,,
Cryptographic library NesLib 6.11.6 on ST33K1M5C and ST33K1M5T C03 Version : 6.11.6 / C03 (EUCC-3090-2026-16),,,,,not_found,,,,,,,
cryptography (pyca/cryptography),,,,,not_found,,,,,,,
Cryptomathic CKMS,,,,,not_found,,,,,,,
Cryptomathic CrystalKey 360,,,,,not_found,,,,,,,
CryptoNext COMPASS Network Probe,,,,,not_found,,,,,,,
CryptoNext COMPASS Probe,,,,,not_found,,,,,,,
CryptoNext Quantum-Safe Library,,,,,not_found,,,,,,,
CryptoNext Quantum-Safe Library (C-QSL),,,,,not_found,,,,,,,
CryptoScan,,,,,not_found,,,,,,,
Cryptosense Analyzer,,,,,not_found,,,,,,,
CryptPad PQC Collaboration,,,,,not_found,,,,,,,
Cryptsoft KMIP & PKCS#11 SDK,,,,,not_found,,,,,,,
CRYSTALS Reference Implementations,,,,,not_found,,,,,,,
CTERA Crypto Module (Java),,,,,not_found,,,,,,,
curl PQC,,,,,not_found,,,,,,,
CyberArk Conjur,cpe:2.3:a:cyberark:conjur_service_broker:-:*:*:*:*:pivotal_cloud_foundry:*:*,cyberark,conjur_service_broker,exact,matched,https://nvd.nist.gov/products/cpe/search#results?namingFormat=2.3&keyword=cyberark%20conjur,2026-08-07,,,,,
Cyberint (Check Point),,,,,not_found,,,,,,,
CyberZero Quantanaut,,,,,not_found,,,,,,,
CZERTAINLY,,,,,not_found,,,,,,,
Dashlane,cpe:2.3:a:dashlane:dashlane:-:*:*:*:*:windows:*:*,dashlane,dashlane,exact,matched,https://nvd.nist.gov/products/cpe/search#results?namingFormat=2.3&keyword=dashlane%20dashlane,2026-08-07,,,,,
Debian 12 (Bookworm),,,,,not_found,,,,,,,
Debian 13 (Trixie),,,,,not_found,,,,,,,
Delinea Secret Server,cpe:2.3:a:delinea:secret_server:10.9.000002:*:*:*:*:*:*:*,delinea,secret_server,exact,matched,https://nvd.nist.gov/products/cpe/search#results?namingFormat=2.3&keyword=delinea%20secret%20server,2026-08-07,,,,,
Dell BSAFE Crypto Module for C,cpe:2.3:a:dell:bsafe_crypto-module-for-c:3.0:*:*:*:*:*:*:*,dell,bsafe_crypto-module-for-c,exact,matched,https://nvd.nist.gov/products/cpe/search#results?namingFormat=2.3&keyword=dell%20bsafe%20crypto%20module%20for%20c,2026-08-07,,,,,
Dell BSAFE Crypto-J,cpe:2.3:a:dell:bsafe_crypto-j:-:*:*:*:*:*:*:*,dell,bsafe_crypto-j,exact,matched,https://nvd.nist.gov/products/cpe/search#results?namingFormat=2.3&keyword=dell%20bsafe%20crypto-j,2026-08-07,,,,,
Dell PowerStore OS 4.0,,,,,not_found,,,,,,,
Descope Customer & Agentic Identity Platform,,,,,not_found,,,,,,,
DFNS,,,,,not_found,,,,,,,
DigiCert CertCentral,,,,,not_found,,,,,,,
DigiCert Device Trust Manager,,,,,not_found,,,,,,,
DigiCert ONE,,,,,not_found,,,,,,,
DigiCert SigningHub,,,,,not_found,,,,,,,
DigiCert Software Trust Manager,,,,,not_found,,,,,,,
DigiCert Trust Lifecycle Manager,,,,,not_found,,,,,,,
DigiCert TrustCore SDK,,,,,not_found,,,,,,,
DINAMO Hardware Security Module Cryptographic Library,,,,,not_found,,,,,,,
Docker Engine 28.0,cpe:2.3:a:docker:engine:28.0.4:*:*:*:*:*:*:*,docker,engine,exact,matched,https://nvd.nist.gov/products/cpe/search#results?namingFormat=2.3&keyword=docker%20engine%2028.0,2026-08-07,,,,,
DocuSign Intelligent Agreement Management (eSignature + CLM),,,,,not_found,,,,,,,
Dogtag Certificate System,,,,,not_found,,,,,,,
Dragos Platform,cpe:2.3:a:dragos:dragos_platform:2.2.1:*:*:*:*:*:*:*,dragos,dragos_platform,exact,matched,https://nvd.nist.gov/products/cpe/search#results?namingFormat=2.3&keyword=dragos%20platform,2026-08-07,,,,,
Druva Data Resiliency Cloud,,,,,not_found,,,,,,,
DuckDuckGo Browser,,,,,not_found,,,,,,,
Dyber QuantaTPM,,,,,not_found,,,,,,,
E& Nokia Quantum-Safe Network,,,,,not_found,,,,,,,
Easy-RSA,,,,,not_found,,,,,,,
Eclipse Jetty,cpe:2.3:a:eclipse:jetty:9.3.0:m2:*:*:*:*:*:*,eclipse,jetty,exact,matched,https://nvd.nist.gov/products/cpe/search#results?namingFormat=2.3&keyword=eclipse%20jetty,2026-08-07,,,,,
Eclipse Mosquitto,cpe:2.3:a:eclipse:mosquitto:0.1:*:*:*:*:*:*:*,eclipse,mosquitto,exact,matched,https://nvd.nist.gov/products/cpe/search#results?namingFormat=2.3&keyword=eclipse%20mosquitto,2026-08-07,,,,,
EigenQ Quantum Encryption Module (QEM),,,,,not_found,,,,,,,
EJBCA,,,,,not_found,,,,,,,
Elastic Stack (ELK),,,,,not_found,,,,,,,
Element (Matrix Protocol),,,,,not_found,,,,,,,
Enquantum PQC Accelerator,,,,,not_found,,,,,,,
Entrust Cryptographic Platform,,,,,not_found,,,,,,,
Entrust Cryptographic Security Platform,,,,,not_found,,,,,,,
Entrust Identity as a Service (IDaaS),,,,,not_found,,,,,,,
Entrust KeyControl,,,,,not_found,,,,,,,
Entrust nShield,cpe:2.3:h:entrust:nshield_5c:-:*:*:*:*:*:*:*,entrust,nshield_5c,exact,matched,https://nvd.nist.gov/products/cpe/search#results?namingFormat=2.3&keyword=entrust%20nshield,2026-08-07,,,,,
Entrust PKI,,,,,not_found,,,,,,,
Envoy Proxy,cpe:2.3:a:envoyproxy:envoy:1.13.6:*:*:*:*:*:*:*,envoyproxy,envoy,partial,partial,https://nvd.nist.gov/products/cpe/search#results?namingFormat=2.3&keyword=envoy%20proxy,2026-08-07,,,,,
Ericsson Quantum-Safe 5G,,,,,not_found,,,,,,,
ESCRYPT Automotive PQC Solutions,,,,,not_found,,,,,,,
essendi xc,,,,,not_found,,,,,,,
Ethereum (Geth),,,,,not_found,,,,,,,
EUDI Reference Wallet,,,,,not_found,,,,,,,
EVERTRUST HORIZON,,,,,not_found,,,,,,,
EVERTRUST STREAM,,,,,not_found,,,,,,,
Eviden IDnomic PKI,,,,,not_found,,,,,,,
Eviden PQC HSMaaS,,,,,not_found,,,,,,,
Eviden Trustway Proteccio NetHSM,,,,,not_found,,,,,,,
evolutionQ BasejumpQDN,,,,,not_found,,,,,,,
evolutionQ BasejumpSKI,,,,,not_found,,,,,,,
ExeQuantum,,,,,not_found,,,,,,,
ExpressVPN Lightway,,,,,not_found,,,,,,,
F5 ADSP PQC,,,,,not_found,,,,,,,
F5 BIG-IP,cpe:2.3:h:f5:big-ip:-:*:*:*:*:*:*:*,f5,big-ip,exact,matched,https://nvd.nist.gov/products/cpe/search#results?namingFormat=2.3&keyword=f5%20big-ip,2026-08-07,,,,,
F5 BIG-IP Post-Quantum Cryptography,,,,,not_found,,,,,,,
Falcon Reference Implementation,,,,,not_found,,,,,,,
Fastly Edge Cloud,,,,,not_found,,,,,,,
Fastly PQC CDN,,,,,not_found,,,,,,,
Fedora Linux,cpe:2.3:a:fedoraproject:fedora_extra_packages_for_enterprise_linux:7.0:*:*:*:*:*:*:*,fedoraproject,fedora_extra_packages_for_enterprise_linux,exact,matched,https://nvd.nist.gov/products/cpe/search#results?namingFormat=2.3&keyword=fedora%20linux,2026-08-07,,,,,
FENASBAC Pix PQC Research,,,,,not_found,,,,,,,
FileVault (macOS),,,,,not_found,,,,,,,
Fireblocks,,,,,not_found,,,,,,,
FIS Modern Banking,,,,,not_found,,,,,,,
Forcepoint DLP,,,,,not_found,,,,,,,
ForgeRock Access Management (AM),cpe:2.3:a:forgerock:access_management:5.0.0:*:*:*:*:*:*:*,forgerock,access_management,exact,matched,https://nvd.nist.gov/products/cpe/search#results?namingFormat=2.3&keyword=forgerock%20access%20management%20%28am%29,2026-08-07,,,,,
Fortanix Data Security Manager,,,,,not_found,,,,,,,
Fortanix PQC Central,,,,,not_found,,,,,,,
Fortinet FortiAuthenticator,cpe:2.3:a:fortinet:fortiauthenticator:3.0.0:*:*:*:*:*:*:*,fortinet,fortiauthenticator,exact,matched,https://nvd.nist.gov/products/cpe/search#results?namingFormat=2.3&keyword=fortinet%20fortiauthenticator,2026-08-07,,,,,
Fortinet FortiGate (FortiOS),,,,,not_found,,,,,,,
Fortinet FortiGate-Rugged,,,,,not_found,,,,,,,
Fortinet FortiManager,cpe:2.3:o:fortinet:fortimanager_firmware:5.0.3:*:*:*:*:*:*:*,fortinet,fortimanager_firmware,exact,matched,https://nvd.nist.gov/products/cpe/search#results?namingFormat=2.3&keyword=fortinet%20fortimanager,2026-08-07,,,,,
Fortinet FortiOS,cpe:2.3:o:fortinet:fortios:4.3.10:*:*:*:*:*:*:*,fortinet,fortios,exact,matched,https://nvd.nist.gov/products/cpe/search#results?namingFormat=2.3&keyword=fortinet%20fortios,2026-08-07,,,,,
Fortinet FortiWeb,cpe:2.3:a:fortinet:fortiweb:5.0.4:*:*:*:*:*:*:*,fortinet,fortiweb,exact,matched,https://nvd.nist.gov/products/cpe/search#results?namingFormat=2.3&keyword=fortinet%20fortiweb,2026-08-07,,,,,
FortiPQC Software Library,,,,,not_found,,,,,,,
Forward Edge-AI Isidore Quantum,,,,,not_found,,,,,,,
Forward Edge-AI Space Router,,,,,not_found,,,,,,,
FreeBSD,cpe:2.3:o:freebsd:freebsd:-:*:*:*:*:*:*:*,freebsd,freebsd,exact,matched,https://nvd.nist.gov/products/cpe/search#results?namingFormat=2.3&keyword=freebsd%20freebsd,2026-08-07,,,,,
FreeRTOS,,,,,not_found,,,,,,,
Fujitsu PQC Networks,,,,,not_found,,,,,,,
FusionAuth,cpe:2.3:a:fusionauth:fusionauth:1.0.13:*:*:*:*:*:*:*,fusionauth,fusionauth,exact,matched,https://nvd.nist.gov/products/cpe/search#results?namingFormat=2.3&keyword=fusionauth%20fusionauth,2026-08-07,,,,,
Futurex Cloud,,,,,not_found,,,,,,,
Futurex CryptoHub,,,,,not_found,,,,,,,
Futurex GSP4000 Hardware Security Module,,,,,not_found,,,,,,,
Futurex Vectera Plus,,,,,not_found,,,,,,,
G+D Quantum-Safe SIM Platform,,,,,not_found,,,,,,,
Galileo AI Observability and Eval Platform,,,,,not_found,,,,,,,
Garantir GaraTrust,,,,,not_found,,,,,,,
GCP Secret Manager,,,,,not_found,,,,,,,
General Dynamics Mission,,,,,not_found,,,,,,,
Genua Quantum-Resistant VPN,,,,,not_found,,,,,,,
Giesecke+Devrient PQC ID Card,,,,,not_found,,,,,,,
GitHub Actions,cpe:2.3:a:github:runner:2.298.2:*:*:*:*:*:*:*,github,runner,partial,partial,https://nvd.nist.gov/products/cpe/search#results?namingFormat=2.3&keyword=github%20actions,2026-08-07,,,,,
GitHub Copilot Security,,,,,not_found,,,,,,,
GitHub SSH PQC,,,,,not_found,,,,,,,
GitLab CI/CD,,,,,not_found,,,,,,,
GlobalSign Atlas CLM,,,,,not_found,,,,,,,
GlobalSign Digital Signing Service,,,,,not_found,,,,,,,
Gmail / Google Workspace,,,,,not_found,,,,,,,
GnuPG,cpe:2.3:a:gnupg:gnupg:1.4.3:*:*:*:*:*:*:*,gnupg,gnupg,exact,matched,https://nvd.nist.gov/products/cpe/search#results?namingFormat=2.3&keyword=gnupg%20gnupg,2026-08-07,,,,,
GnuTLS,cpe:2.3:a:gnu:gnutls:-:*:*:*:*:*:*:*,gnu,gnutls,exact,matched,https://nvd.nist.gov/products/cpe/search#results?namingFormat=2.3&keyword=gnu%20gnutls,2026-08-07,,,,,
Go stdlib crypto/mlkem,,,,,not_found,,,,,,,
go-jose v4,,,,,not_found,,,,,,,
Google ALTS,,,,,not_found,,,,,,,
Google Chrome,cpe:2.3:a:google:chrome:0.2.149.29:*:*:*:*:*:*:*,google,chrome,exact,matched,https://nvd.nist.gov/products/cpe/search#results?namingFormat=2.3&keyword=google%20chrome,2026-08-07,,,,,
Google Cloud CDN,,,,,not_found,,,,,,,
Google Cloud HSM,,,,,not_found,,,,,,,
Google Cloud KMS,,,,,not_found,,,,,,,
Google Cloud KMS (Cloud Gateway),,,,,not_found,,,,,,,
Google Cloud Platform (GCP),,,,,not_found,,,,,,,
Google GKE,,,,,not_found,,,,,,,
Google OpenTitan,,,,,not_found,,,,,,,
Google Tink,cpe:2.3:a:google:tink:1.0.0:*:*:*:*:*:*:*,google,tink,exact,matched,https://nvd.nist.gov/products/cpe/search#results?namingFormat=2.3&keyword=google%20tink,2026-08-07,,,,,
GPG Code Signing,,,,,not_found,,,,,,,
HAETAE Reference Implementation,,,,,not_found,,,,,,,
HAProxy,cpe:2.3:a:haproxy:haproxy:1.4.20:*:*:*:*:*:*:*,haproxy,haproxy,exact,matched,https://nvd.nist.gov/products/cpe/search#results?namingFormat=2.3&keyword=haproxy%20haproxy,2026-08-07,,,,,
hash-sigs,,,,,not_found,,,,,,,
HashiCorp Boundary,cpe:2.3:a:hashicorp:boundary:0.1.8:*:*:*:*:*:*:*,hashicorp,boundary,exact,matched,https://nvd.nist.gov/products/cpe/search#results?namingFormat=2.3&keyword=hashicorp%20boundary,2026-08-07,,,,,
HashiCorp Consul Connect (Service Mesh),,,,,not_found,,,,,,,
HashiCorp Vault,cpe:2.3:a:hashicorp:vault:0.1.0:*:*:*:*:*:*:*,hashicorp,vault,exact,matched,https://nvd.nist.gov/products/cpe/search#results?namingFormat=2.3&keyword=hashicorp%20vault,2026-08-07,,,,,
HashiCorp Vault Transit,,,,,not_found,,,,,,,
HAWK Reference Implementation,,,,,not_found,,,,,,,
hbs-lms,,,,,not_found,,,,,,,
Hex Trust Institutional Custody,,,,,not_found,,,,,,,
HID Global Cryptographic Module,,,,,not_found,,,,,,,
HiddenLayer Model Scanner,,,,,not_found,,,,,,,
Higher Ground CipherLinq,,,,,not_found,,,,,,,
Hikvision FIPS Provider,,,,,not_found,,,,,,,
HIPAA (Quantum Security Rule),,,,,not_found,,2026-04-01,2026-07-11,not in regen,hipaa-quantum-security-rule,cpe_not_found_pending_nvd,'HIPAA (Quantum Security Rule)' not yet indexed in NVD CPE dictionary. PQC-specific products are emerging; re-verify when NVD CPE 2.3 coverage expands. Consider submitting CPE request via https://nvd.nist.gov/products/cpe/request-cpe
HiPKI SafGuard 2000 PQC Library,,,,,not_found,,,,,,,
Hitachi DoMobile,,,,,not_found,,,,,,,
HNDL Simulator (hndl-dev),,,,,not_found,,,,,,,
HP Endpoint Security Controller Cryptographic Library,,,,,not_found,,,,,,,
HP Enterprise Printers PQC,,,,,not_found,,,,,,,
HPE Alletra MP,,,,,not_found,,,,,,,
HPE Aruba ArubaOS-CX,cpe:2.3:o:hpe:arubaos-cx:10.06.0001:*:*:*:*:*:*:*,hpe,arubaos-cx,exact,matched,https://nvd.nist.gov/products/cpe/search#results?namingFormat=2.3&keyword=hpe%20aruba%20arubaos-cx,2026-08-07,,,,,
HPE Cryptographic Module,,,,,not_found,,,,,,,
HPE ProLiant Gen12,,,,,not_found,,,,,,,
HQC Algorithm,,,,,not_found,,,,,,,
HQC Reference Implementation,,,,,not_found,,,,,,,
Huawei PQC Network Security,,,,,not_found,,,,,,,
HYCU Cryptographic Library Module,,,,,not_found,,,,,,,
Hyland OnBase,cpe:2.3:a:hyland:onbase:18.0.0.0:*:*:*:*:*:*:*,hyland,onbase,exact,matched,https://nvd.nist.gov/products/cpe/search#results?namingFormat=2.3&keyword=hyland%20onbase,2026-08-07,,,,,
Hyperledger Aries (ACA-Py),,,,,not_found,,,,,,,
Hyperledger Besu,,,,,not_found,,,,,,,
Hyperledger Fabric,cpe:2.3:a:hyperledger:fabric:1.4.0:*:*:*:*:*:*:*,hyperledger,fabric,exact,matched,https://nvd.nist.gov/products/cpe/search#results?namingFormat=2.3&keyword=hyperledger%20fabric,2026-08-07,,,,,
Hyperledger Fabric 3.0 PQC,,,,,not_found,,,,,,,
I4P Trident HSM,,,,,not_found,,,,,,,
IBM Aspera,cpe:2.3:a:ibm:aspera_application_platform_on_demand:-:*:*:*:*:*:*:*,ibm,aspera_application_platform_on_demand,exact,matched,https://nvd.nist.gov/products/cpe/search#results?namingFormat=2.3&keyword=ibm%20aspera,2026-08-07,,,,,
IBM Cloud HSM (Utimaco),,,,,not_found,,2026-04-01,2026-07-11,not in regen,ibm-cloud-hsm-utimaco,cpe_not_found_pending_nvd,'IBM Cloud HSM (Utimaco)' not yet indexed in NVD CPE dictionary. PQC-specific products are emerging; re-verify when NVD CPE 2.3 coverage expands. Consider submitting CPE request via https://nvd.nist.gov/products/cpe/request-cpe
IBM Db2,cpe:2.3:a:ibm:db2:-:*:*:*:*:*:*:*,ibm,db2,exact,matched,https://nvd.nist.gov/products/cpe/search#results?namingFormat=2.3&keyword=ibm%20db2,2026-08-07,,,,,
IBM Guardium Key Lifecycle Manager,cpe:2.3:a:ibm:security_guardium_key_lifecycle_manager:4.1.0:*:*:*:*:*:*:*,ibm,security_guardium_key_lifecycle_manager,exact,matched,https://nvd.nist.gov/products/cpe/search#results?namingFormat=2.3&keyword=ibm%20guardium%20key%20lifecycle%20manager,2026-08-07,,,,,
IBM Guardium Quantum Safe,,,,,not_found,,,,,,,
IBM Guardium Safe,,,,,not_found,,,,,,,
IBM Hyper Protect Crypto Services,,,,,not_found,,,,,,,
IBM LinuxONE PQC,,,,,not_found,,,,,,,
IBM MQ,cpe:2.3:a:ibm:websphere_mq:-:*:*:*:*:*:*:*,ibm,websphere_mq,exact,matched,https://nvd.nist.gov/products/cpe/search#results?namingFormat=2.3&keyword=ibm%20mq,2026-08-07,,,,,
IBM Quantum Safe Migration Orchestrator,,,,,not_found,,,,,,,
IBM Quantum Safe Toolkit,,,,,not_found,,,,,,,
IBM Security Guardium Data Protection,,,,,not_found,,,,,,,
IBM Storage Scale 5.2,cpe:2.3:a:ibm:storage_scale:5.2.3.0:*:*:*:*:*:*:*,ibm,storage_scale,exact,matched,https://nvd.nist.gov/products/cpe/search#results?namingFormat=2.3&keyword=ibm%20storage%20scale%205.2,2026-08-07,,,,,
IBM z/OS Cryptographic Services (ICSF),,,,,not_found,,,,,,,
IBM z/VSE,,,,,not_found,,,,,,,
IBM z16 Crypto Express 8S,,,,,not_found,,,,,,,
IBM z17 Quantum Safe,,,,,not_found,,,,,,,
ID Quantique Cerberis XGR QKD,,,,,not_found,,,,,,,
ID Quantique Quantis QRNG,,,,,not_found,,,,,,,
IDEMIA Digital Identity Platform,,,,,not_found,,,,,,,
IDEMIA PQC Accelerator,,,,,not_found,,,,,,,
IDEMIA PQC Secure Element,,,,,not_found,,,,,,,
IDEMIA Sphere Cryptographic Library,,,,,not_found,,,,,,,
Imperva WAF,,,,,not_found,,,,,,,
Infineon AURIX TC49 PQC,,,,,not_found,,,,,,,
Infineon IFX_CCI_00007Ah/8Fh Crypto Suite,,,,,not_found,,,,,,,
Infineon OPTIGA TPM SLB 9672,,,,,not_found,,,,,,,
Infineon PSOC Control C3 PQC,,,,,not_found,,,,,,,
Infineon TEGRION SLC27 PQC,,,,,not_found,,,,,,,
Infineon TEGRION SLI22 Automotive,,,,,not_found,,,,,,,
InformaCast Advanced and Fusion Server Java Crypto Library,,,,,not_found,,,,,,,
InfoSec Global AgileSec,,,,,not_found,,,,,,,
Intel Platform Trust Technology (PTT),,,,,not_found,,,,,,,
Intel TDX (Trust Domain Extensions),,,,,not_found,,,,,,,
Internxt Drive PQC,,,,,not_found,,,,,,,
Inturai PQ Station ESP32,,,,,not_found,,,,,,,
iOS 26 / macOS 26,,,,,not_found,,,,,,,
IOTA,,,,,not_found,,,,,,,
IP Cores PQC1,,,,,not_found,,,,,,,
IronCore Labs SaaS Shield,,,,,not_found,,,,,,,
ISARA Advance,,,,,not_found,,,,,,,
ISARA Radiate,,,,,not_found,,,,,,,
ISC BIND 9.21,cpe:2.3:a:isc:bind:9.21.0:*:*:*:-:*:*:*,isc,bind,exact,matched,https://nvd.nist.gov/products/cpe/search#results?namingFormat=2.3&keyword=isc%20bind%209.21,2026-08-07,,,,,
Istio Service Mesh,,,,,not_found,,,,,,,
ITE LAx-551x Embedded Controller with PQC Cryptographic Engine,,,,,not_found,,,,,,,
Ivanti Neurons for MDM,,,,,not_found,,,,,,,
IVPN,cpe:2.3:a:ivpn:ivpn:2.6.6120.33863:*:*:*:*:windows:*:*,ivpn,ivpn,exact,matched,https://nvd.nist.gov/products/cpe/search#results?namingFormat=2.3&keyword=ivpn%20ivpn,2026-08-07,,,,,
Jamf Pro,cpe:2.3:a:jamf:jamf:8.5:*:*:*:pro:*:*:*,jamf,jamf,partial,partial,https://nvd.nist.gov/products/cpe/search#results?namingFormat=2.3&keyword=jamf%20pro,2026-08-07,,,,,
Java 24 PQC Runtime,,,,,not_found,,,,,,,
Java jarsigner (JDK),,,,,not_found,,,,,,,
Jenkins,,,,,not_found,,,,,,,
JEP 527: Post-Quantum Hybrid Key Exchange for TLS 1.3,,,,,not_found,,,,,,,
JetBrains TeamCity 2026.1,cpe:2.3:a:jetbrains:teamcity:2026.1:*:*:*:*:*:*:*,jetbrains,teamcity,exact,matched,https://nvd.nist.gov/products/cpe/search#results?namingFormat=2.3&keyword=jetbrains%20teamcity%202026.1,2026-08-07,,,,,
JFrog Artifactory,cpe:2.3:a:jfrog:artifactory:1.0:*:*:*:*:jenkins:*:*,jfrog,artifactory,exact,matched,https://nvd.nist.gov/products/cpe/search#results?namingFormat=2.3&keyword=jfrog%20artifactory,2026-08-07,,,,,
Jmem PUF-Embedded Quantum-Safe PQCryptoEngine,,,,,not_found,,,,,,,
jose4j,cpe:2.3:a:jose4j_project:jose4j:0.9.3:*:*:*:*:*:*:*,jose4j_project,jose4j,exact,matched,https://nvd.nist.gov/products/cpe/search#results?namingFormat=2.3&keyword=jose4j%20jose4j,2026-08-07,,,,,
jsonwebtoken (auth0),,,,,not_found,,,,,,,
JumpCloud Directory Platform,,,,,not_found,,,,,,,
Juniper Junos OS,cpe:2.3:o:juniper:junos:12.3x48:-:*:*:*:*:*:*,juniper,junos,exact,matched,https://nvd.nist.gov/products/cpe/search#results?namingFormat=2.3&keyword=juniper%20junos%20os,2026-08-07,,,,,
Juniper SRX Series Firewalls,,,,,not_found,,,,,,,
Kaseya FIPS Cryptographic Module for Java,,,,,not_found,,,,,,,
Keeper Security,cpe:2.3:a:keepersecurity:keeper:16.10.2:*:*:*:*:*:*:*,keepersecurity,keeper,partial,partial,https://nvd.nist.gov/products/cpe/search#results?namingFormat=2.3&keyword=keeper%20security,2026-08-07,,,,,
Keycloak,cpe:2.3:a:keycloak:keycloak-nodejs-auth-utils:2.5.0:*:*:*:*:*:*:*,keycloak,keycloak-nodejs-auth-utils,exact,matched,https://nvd.nist.gov/products/cpe/search#results?namingFormat=2.3&keyword=keycloak%20keycloak,2026-08-07,,,,,
Keyfactor 2026 Trends,,,,,not_found,,,,,,,
Keyfactor AgileSec Analytics,,,,,not_found,,,,,,,
Keyfactor Command,cpe:2.3:a:keyfactor:command:10.5.0:*:*:*:*:*:*:*,keyfactor,command,exact,matched,https://nvd.nist.gov/products/cpe/search#results?namingFormat=2.3&keyword=keyfactor%20command,2026-08-07,,,,,
Keyfactor EJBCA,cpe:2.3:a:keyfactor:ejbca:8.0.0:*:*:*:*:*:*:*,keyfactor,ejbca,exact,matched,https://nvd.nist.gov/products/cpe/search#results?namingFormat=2.3&keyword=keyfactor%20ejbca,2026-08-07,,,,,
Keysight CyPerf,,,,,not_found,,,,,,,
Keysight Inspector,,,,,not_found,,,,,,,
KIOXIA FIPS TC58NC1137GTC Crypto Sub-Chip Class A1,,,,,not_found,,,,,,,
Kiteworks PQC File Sharing,,,,,not_found,,,,,,,
KiviCore PQC IP Cores,,,,,not_found,,,,,,,
Kloudfuse Java Cryptographic Module,,,,,not_found,,,,,,,
kmip-go (ThalesGroup),,,,,not_found,,,,,,,
Komainu Custody,,,,,not_found,,,,,,,
Kong API Gateway,,,,,not_found,,,,,,,
Kryptonite Shipovnik PQC Signature (Russia),,,,,not_found,,,,,,,
Kryptus kNET HSM PQC,,,,,not_found,,,,,,,
Kubernetes,cpe:2.3:a:kubernetes:kubernetes:-:*:*:*:*:*:*:*,kubernetes,kubernetes,exact,matched,https://nvd.nist.gov/products/cpe/search#results?namingFormat=2.3&keyword=kubernetes%20kubernetes,2026-08-07,,,,,
Kudelski IoT Security Platform,,,,,not_found,,,,,,,
Lakera Guard,,,,,not_found,,,,,,,
Landis+Gyr SEALSQ Smart Grid PKI,,,,,not_found,,,,,,,
Lattice MachXO5-NX,,,,,not_found,,,,,,,
ldnsutils (NLnetLabs ldns),,,,,not_found,,,,,,,
leancrypto,cpe:2.3:a:leancrypto:leancrypto:1.7.1:*:*:*:*:*:*:*,leancrypto,leancrypto,exact,matched,https://nvd.nist.gov/products/cpe/search#results?namingFormat=2.3&keyword=leancrypto%20leancrypto,2026-08-07,,,,,
Ledger Enterprise,,,,,not_found,,,,,,,
Ledger SDK Post-Quantum Cryptography,,,,,not_found,,,,,,,
Let's Encrypt,,,,,not_found,,,,,,,
libbitcoinpqc,,,,,not_found,,,,,,,
libcrux,,,,,not_found,,,,,,,
libgcrypt,,,,,not_found,,,,,,,
liboqs,cpe:2.3:a:openquantumsafe:liboqs:0.10.1:-:*:*:*:*:*:*,openquantumsafe,liboqs,exact,matched,https://nvd.nist.gov/products/cpe/search#results?namingFormat=2.3&keyword=openquantumsafe%20liboqs,2026-08-07,,,,,
liboqs-rust (oqs crate),,,,,not_found,,,,,,,
libpqsecure,,,,,not_found,,,,,,,
Libpqsecure-rs,,,,,not_found,,,,,,,
LibreSSL,cpe:2.3:a:openbsd:libressl:2.1.1:*:*:*:*:*:*:*,openbsd,libressl,exact,matched,https://nvd.nist.gov/products/cpe/search#results?namingFormat=2.3&keyword=openbsd%20libressl,2026-08-07,,,,,
Libreswan,cpe:2.3:a:libreswan:libreswan:3.5:*:*:*:*:*:*:*,libreswan,libreswan,exact,matched,https://nvd.nist.gov/products/cpe/search#results?namingFormat=2.3&keyword=libreswan%20libreswan,2026-08-07,,,,,
libsodium,,,,,not_found,,,,,,,
libssh,cpe:2.3:a:libssh:libssh:0.5.2:*:*:*:*:*:*:*,libssh,libssh,exact,matched,https://nvd.nist.gov/products/cpe/search#results?namingFormat=2.3&keyword=libssh%20libssh,2026-08-07,,,,,
libtpms,cpe:2.3:a:libtpms_project:libtpms:-:*:*:*:*:*:*:*,libtpms_project,libtpms,exact,matched,https://nvd.nist.gov/products/cpe/search#results?namingFormat=2.3&keyword=libtpms%20libtpms,2026-08-07,,,,,
Linkerd,cpe:2.3:a:linkerd:linkerd:2.13.0:*:*:*:stable:kubernetes:*:*,linkerd,linkerd,exact,matched,https://nvd.nist.gov/products/cpe/search#results?namingFormat=2.3&keyword=linkerd%20linkerd,2026-08-07,,,,,
Linux IMA/EVM,,,,,not_found,,,,,,,
Linux LUKS / dm-crypt,,,,,not_found,,,,,,,
LS2 HSM Family,,,,,not_found,,,,,,,
LTO-10 PQC-Ready Tape,,,,,not_found,,,,,,,
MadQuantum-CM (Spain),,,,,not_found,,,,,,,
Mandiant (Google Cloud),,,,,not_found,,,,,,,
MariaDB Server,,,,,not_found,,,,,,,
Marvell LiquidSecurity 2,,,,,not_found,,,,,,,
Mastercard Quantum-Resistant Contactless,,,,,not_found,,,,,,,
Mavenir Cloud RAN,,,,,not_found,,,,,,,
MAYO Reference Implementation,,,,,not_found,,,,,,,
Mbed TLS,,,,,not_found,,,,,,,
mbedTLS,cpe:2.3:a:mbed:mbedtls:1.3.10:*:*:*:*:*:*:*,mbed,mbedtls,exact,matched,https://nvd.nist.gov/products/cpe/search#results?namingFormat=2.3&keyword=mbedtls%20mbedtls,2026-08-07,,,,,
Metaco Harmonize,,,,,not_found,,,,,,,
Microchip ATECC608B,,,,,not_found,,,,,,,
Microchip CryptoAutomotive TA100,,,,,not_found,,,,,,,
Microchip MEC175xB PQC Controllers,,,,,not_found,,,,,,,
Microchip PolarFire,,,,,not_found,,,,,,,
Microsoft 365,cpe:2.3:a:microsoft:dynamics_365:8.0:*:*:*:*:*:*:*,microsoft,dynamics_365,exact,matched,https://nvd.nist.gov/products/cpe/search#results?namingFormat=2.3&keyword=microsoft%20365,2026-08-07,,,,,
Microsoft AD CS,,,,,not_found,,,,,,,
Microsoft Azure,cpe:2.3:a:microsoft:azure_active_directory_connect:1.1.524.0:*:*:*:*:*:*:*,microsoft,azure_active_directory_connect,exact,matched,https://nvd.nist.gov/products/cpe/search#results?namingFormat=2.3&keyword=microsoft%20azure,2026-08-07,,,,,
Microsoft Defender for Endpoint,cpe:2.3:a:microsoft:defender_for_endpoint:-:*:*:*:*:-:*:*,microsoft,defender_for_endpoint,exact,matched,https://nvd.nist.gov/products/cpe/search#results?namingFormat=2.3&keyword=microsoft%20defender%20for%20endpoint,2026-08-07,,,,,
Microsoft Edge,cpe:2.3:a:microsoft:edge:-:*:*:*:*:*:*:*,microsoft,edge,exact,matched,https://nvd.nist.gov/products/cpe/search#results?namingFormat=2.3&keyword=microsoft%20edge,2026-08-07,,,,,
Microsoft Entra External ID,,,,,not_found,,,,,,,
Microsoft Entra ID,,,,,not_found,,,,,,,
Microsoft Entra Verified ID,,,,,not_found,,,,,,,
Microsoft Hyper-V,cpe:2.3:o:microsoft:windows_server_2008:-:-:*:*:datacenter_without_hyper-v:*:itanium:*,microsoft,windows_server_2008,partial,partial,https://nvd.nist.gov/products/cpe/search#results?namingFormat=2.3&keyword=microsoft%20hyper-v,2026-08-07,,,,,
Microsoft Intune,cpe:2.3:a:microsoft:intune_endpoint_protection:-:*:*:*:*:*:*:*,microsoft,intune_endpoint_protection,exact,matched,https://nvd.nist.gov/products/cpe/search#results?namingFormat=2.3&keyword=microsoft%20intune,2026-08-07,,,,,
Microsoft PQCrypto-LWEKE,,,,,not_found,,,,,,,
Microsoft RDS,,,,,not_found,,,,,,,
Microsoft Remote Desktop Services (RDS),,,,,not_found,,,,,,,
Microsoft Research Post-Quantum TLS,,,,,not_found,,,,,,,
Microsoft SignTool,,,,,not_found,,,,,,,
Microsoft SymCrypt,cpe:2.3:a:microsoft:symcrypt:103.11.0:*:*:*:*:*:*:*,microsoft,symcrypt,exact,matched,https://nvd.nist.gov/products/cpe/search#results?namingFormat=2.3&keyword=microsoft%20symcrypt,2026-08-07,,,,,
MikroTik RouterOS,cpe:2.3:o:mikrotik:routeros:5.15:*:*:*:*:*:*:*,mikrotik,routeros,exact,matched,https://nvd.nist.gov/products/cpe/search#results?namingFormat=2.3&keyword=mikrotik%20routeros,2026-08-07,,,,,
Mimecast Cloud Integrated,,,,,not_found,,,,,,,
Minimus Cryptographic Module for Java,,,,,not_found,,,,,,,
MinIO Enterprise,cpe:2.3:a:miniorange:oauth_single_sign_on:48.4.9:*:*:*:enterprise:wordpress:*:*,miniorange,oauth_single_sign_on,partial,partial,https://nvd.nist.gov/products/cpe/search#results?namingFormat=2.3&keyword=minio%20enterprise,2026-08-07,,,,,
ML-DSA-OSH: Open-Source Hardware Implementation of ML-DSA,,,,,not_found,,,,,,,
mlkem-native,,,,,not_found,,,,,,,
mls-rs (AWS),,,,,not_found,,,,,,,
mlspp,,,,,not_found,,,,,,,
MongoDB Queryable Encryption,,,,,not_found,,,,,,,
Mozilla Firefox,cpe:2.3:a:mozilla:firefox:-:*:*:*:*:*:*:*,mozilla,firefox,exact,matched,https://nvd.nist.gov/products/cpe/search#results?namingFormat=2.3&keyword=mozilla%20firefox,2026-08-07,,,,,
Mozilla NSS,cpe:2.3:a:mozilla:nss:3.20.1:*:*:*:*:*:*:*,mozilla,nss,exact,matched,https://nvd.nist.gov/products/cpe/search#results?namingFormat=2.3&keyword=mozilla%20nss,2026-08-07,,,,,
mtc (Merkle Tree Certificates CLI),,,,,not_found,,,,,,,
MTG AG CARA,,,,,not_found,,,,,,,
MTG AG CLM,,,,,not_found,,,,,,,
MTG AG KMS,,,,,not_found,,,,,,,
Mullvad VPN App,,,,,not_found,,,,,,,
MySQL Community Server,cpe:2.3:a:mysql:mysql_community_server:-:*:*:*:*:*:*:*,mysql,mysql_community_server,exact,matched,https://nvd.nist.gov/products/cpe/search#results?namingFormat=2.3&keyword=mysql%20community%20server,2026-08-07,,,,,
MySQL Enterprise Encryption,,,,,not_found,,,,,,,
N-able FIPS Cryptographic Module Java 140-3,,,,,not_found,,,,,,,
NEC 5G Core,,,,,not_found,,,,,,,
NESLIB Cryptographic Library (incl. NesLib_PQML),,,,,not_found,,,,,,,
NetApp ONTAP 9.16,cpe:2.3:a:netapp:ontap:9.16.1:-:*:*:*:*:*:*,netapp,ontap,exact,matched,https://nvd.nist.gov/products/cpe/search#results?namingFormat=2.3&keyword=netapp%20ontap%209.16,2026-08-07,,,,,
NetSfere PQC Messaging,,,,,not_found,,,,,,,
Netskope Intelligent DLP,,,,,not_found,,,,,,,
Netskope One PQC,,,,,not_found,,,,,,,
Nexus Group Certificate Manager,,,,,not_found,,,,,,,
Nginx,,,,,not_found,,,,,,,
NGINX Plus,,,,,not_found,,,,,,,
NGINX Plus R33 PQC,,,,,not_found,,,,,,,
Nimbus JOSE+JWT,,,,,not_found,,,,,,,
NixOS,cpe:2.3:o:nixos:nix:0.5:*:*:*:*:*:*:*,nixos,nix,exact,matched,https://nvd.nist.gov/products/cpe/search#results?namingFormat=2.3&keyword=nixos%20nixos,2026-08-07,,,,,
noble-post-quantum,,,,,not_found,,,,,,,
Node.js,cpe:2.3:a:nodejs:node.js:0.10.18:*:*:*:*:*:*:*,nodejs,node.js,exact,matched,https://nvd.nist.gov/products/cpe/search#results?namingFormat=2.3&keyword=nodejs%20node.js,2026-08-07,,,,,
Nokia Quantum-Safe Networks,,,,,not_found,,,,,,,
Nokia Quantum-Safe Railways,,,,,not_found,,,,,,,
NordVPN,cpe:2.3:a:nordvpn:nordvpn:6.14.28.0:*:*:*:*:*:*:*,nordvpn,nordvpn,exact,matched,https://nvd.nist.gov/products/cpe/search#results?namingFormat=2.3&keyword=nordvpn%20nordvpn,2026-08-07,,,,,
Notary Project,cpe:2.3:a:notaryproject:notation:1.0.0:rc1:*:*:*:go:*:*,notaryproject,notation,partial,partial,https://nvd.nist.gov/products/cpe/search#results?namingFormat=2.3&keyword=notary%20project,2026-08-07,,,,,
Novachips NV7X Controller (P2-series SSD),,,,,not_found,,,,,,,
Nozomi Networks Guardian,cpe:2.3:a:nozominetworks:guardian:19.0.4:*:*:*:*:*:*:*,nozominetworks,guardian,exact,matched,https://nvd.nist.gov/products/cpe/search#results?namingFormat=2.3&keyword=nozomi%20networks%20guardian,2026-08-07,,,,,
ns-3 Network Simulator,,,,,not_found,,,,,,,
NSS (Mozilla),,,,,not_found,,,,,,,
NTRU+ Reference Implementation,,,,,not_found,,,,,,,
NTT PQC Secure Transport,,,,,not_found,,,,,,,
Nutanix AHV,cpe:2.3:o:nutanix:ahv:-:*:*:*:*:*:*:*,nutanix,ahv,exact,matched,https://nvd.nist.gov/products/cpe/search#results?namingFormat=2.3&keyword=nutanix%20ahv,2026-08-07,,,,,
Nuvoton Cryptographic Library 3.0,,,,,not_found,,,,,,,
Nuvoton Cryptographic Library 3.3,,,,,not_found,,,,,,,
Nuvoton NCT6694B Cryptographic Engine,,,,,not_found,,,,,,,
Nvidia cuPQC,,,,,not_found,,,,,,,
NVIDIA cuPQC SDK,,,,,not_found,,,,,,,
NXP EdgeLock SE051H,,,,,not_found,,,,,,,
NXP i.MX 94 PQC Processor,,,,,not_found,,,,,,,
NXP JCOP 4.5 P71D600,,,,,not_found,,,,,,,
NXP OrangeBox 2.0 PQC,,,,,not_found,,,,,,,
NXP S32K5 Automotive PQC MCU,,,,,not_found,,,,,,,
NXP SE051 Secure Element,,,,,not_found,,,,,,,
OAuth 2.0 / OpenID Connect (OIDC),,,,,not_found,,,,,,,
Okta Integration Network,,,,,not_found,,,,,,,
Okta Workforce Identity,,,,,not_found,,,,,,,
Open Policy Agent (OPA),cpe:2.3:a:openpolicyagent:open_policy_agent:0.9.2:*:*:*:*:*:*:*,openpolicyagent,open_policy_agent,partial,partial,https://nvd.nist.gov/products/cpe/search#results?namingFormat=2.3&keyword=open%20policy%20agent%20%28opa%29,2026-08-07,,,,,
Open Quantum Safe liboqs,cpe:2.3:a:openquantumsafe:liboqs:0.10.1:-:*:*:*:*:*:*,openquantumsafe,liboqs,exact,matched,https://nvd.nist.gov/products/cpe/search#results?namingFormat=2.3&keyword=open%20quantum%20safe%20liboqs,2026-08-07,,,,,
OpenBao,cpe:2.3:a:openbao:openbao:2.0.0:-:*:*:*:*:*:*,openbao,openbao,exact,matched,https://nvd.nist.gov/products/cpe/search#results?namingFormat=2.3&keyword=openbao%20openbao,2026-08-07,,,,,
OpenMLS,,,,,not_found,,,,,,,
OpenPGP.js,,,,,not_found,,,,,,,
OpenQKDNetwork,,,,,not_found,,,,,,,
OpenSSH,cpe:2.3:a:openbsd:openssh:-:*:*:*:*:*:*:*,openbsd,openssh,exact,matched,https://nvd.nist.gov/products/cpe/search#results?namingFormat=2.3&keyword=openbsd%20openssh,2026-08-07,,,,,
OpenSSL,cpe:2.3:a:openssl:openssl:-:*:*:*:*:*:*:*,openssl,openssl,exact,matched,https://nvd.nist.gov/products/cpe/search#results?namingFormat=2.3&keyword=openssl%20openssl,2026-08-07,,,,,
OpenSSL 3.5.0,cpe:2.3:a:openssl:openssl:3.5.0:-:*:*:*:*:*:*,openssl,openssl,partial,partial,https://nvd.nist.gov/products/cpe/search#results?namingFormat=2.3&keyword=openssl%203.5.0,2026-08-07,,,,,
openSUSE Leap,cpe:2.3:o:opensuse_project:leap:42.2:*:*:*:*:*:*:*,opensuse_project,leap,exact,matched,https://nvd.nist.gov/products/cpe/search#results?namingFormat=2.3&keyword=opensuse%20leap,2026-08-07,,,,,
OpenText Content Cloud,,,,,not_found,,,,,,,
OpenVPN,cpe:2.3:a:openvpn:openvpn:-:*:*:*:*:*:*:*,openvpn,openvpn,exact,matched,https://nvd.nist.gov/products/cpe/search#results?namingFormat=2.3&keyword=openvpn%20openvpn,2026-08-07,,,,,
OpenWrt,cpe:2.3:o:openwrt:lede:17.01:*:*:*:*:*:*:*,openwrt,lede,partial,partial,https://nvd.nist.gov/products/cpe/search#results?namingFormat=2.3&keyword=openwrt%20openwrt,2026-08-07,,,,,
Opera Browser PQC,,,,,not_found,,,,,,,
opgpkcs11 (openpgp-pkcs11-sequoia bridge),,,,,not_found,,,,,,,
OPNsense,cpe:2.3:a:opnsense:opnsense:16.1.16:*:*:*:*:*:*:*,opnsense,opnsense,exact,matched,https://nvd.nist.gov/products/cpe/search#results?namingFormat=2.3&keyword=opnsense%20opnsense,2026-08-07,,,,,
"OQS Docker Images (nginx, curl, haproxy)",,,,,not_found,,,,,,,
OQS-OpenSSL Provider,,,,,not_found,,,,,,,
oqs-provider,,,,,not_found,,,,,,,
Oracle AI Database 26ai,,,,,not_found,,,,,,,
Oracle Key Vault,,,,,not_found,,,,,,,
Oracle Linux 9.7,,,,,not_found,,,,,,,
Oracle OpenSSL FIPS Provider,,,,,not_found,,,,,,,
Orange Business PQC WAN,,,,,not_found,,,,,,,
OSR PQC Solutions,,,,,not_found,,,,,,,
osslsigncode,cpe:2.3:a:osslsigncode_project:osslsigncode:2.3:*:*:*:*:*:*:*,osslsigncode_project,osslsigncode,exact,matched,https://nvd.nist.gov/products/cpe/search#results?namingFormat=2.3&keyword=osslsigncode%20osslsigncode,2026-08-07,,,,,
OVHcloud QRNG SSL,,,,,not_found,,,,,,,
PacketLight PQC Optical Encryption,,,,,not_found,,,,,,,
Palo Alto Cortex XDR,cpe:2.3:a:paloaltonetworks:cortex_xdr_agent:5.0:*:*:*:*:*:*:*,paloaltonetworks,cortex_xdr_agent,partial,partial,https://nvd.nist.gov/products/cpe/search#results?namingFormat=2.3&keyword=palo%20alto%20cortex%20xdr,2026-08-07,,,,,
Palo Alto GlobalProtect,cpe:2.3:a:paloaltonetworks:globalprotect:1.1.7:*:*:*:*:*:*:*,paloaltonetworks,globalprotect,exact,matched,https://nvd.nist.gov/products/cpe/search#results?namingFormat=2.3&keyword=palo%20alto%20globalprotect,2026-08-07,,,,,
Palo Alto PAN-OS,cpe:2.3:o:paloaltonetworks:pan-os:5.1.10:*:*:*:*:*:*:*,paloaltonetworks,pan-os,exact,matched,https://nvd.nist.gov/products/cpe/search#results?namingFormat=2.3&keyword=palo%20alto%20pan-os,2026-08-07,,,,,
Palo Alto Prisma SASE,,,,,not_found,,,,,,,
Palo Alto Quantum-Safe Security,,,,,not_found,,,,,,,
Paradym (Animo Solutions),,,,,not_found,,,,,,,
Paramiko (Python SSH),,,,,not_found,,,,,,,
Patero PQC Gateway,,,,,not_found,,,,,,,
Payara Server,,,,,not_found,,,,,,,
pfSense Community Edition,cpe:2.3:a:pfsense:pfsense:2.2.6:*:*:*:community:*:*:*,pfsense,pfsense,partial,partial,https://nvd.nist.gov/products/cpe/search#results?namingFormat=2.3&keyword=pfsense%20community%20edition,2026-08-07,,,,,
PhioTX,,,,,not_found,,,,,,,
Ping Identity PingFederate,cpe:2.3:a:pingidentity:pingfederate:6.10.1:*:*:*:*:*:*:*,pingidentity,pingfederate,exact,matched,https://nvd.nist.gov/products/cpe/search#results?namingFormat=2.3&keyword=ping%20identity%20pingfederate,2026-08-07,,,,,
pkcs11-provider (pqctoday composite),,,,,not_found,,,,,,,
Playwright,,,,,not_found,,,,,,,
Polkadot/Substrate,,,,,not_found,,,,,,,
Postfix 3.10 PQC,,,,,not_found,,,,,,,
PostgreSQL,cpe:2.3:a:postgresql:postgresql:-:*:*:*:*:*:*:*,postgresql,postgresql,exact,matched,https://nvd.nist.gov/products/cpe/search#results?namingFormat=2.3&keyword=postgresql%20postgresql,2026-08-07,,,,,
PostgreSQL pgcrypto,,,,,not_found,,,,,,,
PowerDNS PQC DNSSEC,,,,,not_found,,,,,,,
PQ Code Package,,,,,not_found,,,,,,,
pqc-flow,,,,,not_found,,,,,,,
PQC-LEO,,,,,not_found,,,,,,,
PQCA mldsa-native,,,,,not_found,,,,,,,
pQCee CNG Provider,,,,,not_found,,,,,,,
PQChat Quantum-Safe Messaging,,,,,not_found,,,,,,,
PQClean,cpe:2.3:a:pqclean_project:pqclean:-:*:*:*:*:*:*:*,pqclean_project,pqclean,exact,matched,https://nvd.nist.gov/products/cpe/search#results?namingFormat=2.3&keyword=pqclean%20pqclean,2026-08-07,,,,,
pqcrypto,,,,,not_found,,,,,,,
pqcrypto Python Library,,,,,not_found,,,,,,,
PQCryptoLib-Core,,,,,not_found,,,,,,,
pqcscan,,,,,not_found,,,,,,,
pqctoday-kmip,,,,,not_found,,,,,,,
pqctoday-tpm,,,,,not_found,,,,,,,
pqm4,,,,,not_found,,,,,,,
PQMagic (Shanghai Jiao Tong University),,,,,not_found,,,,,,,
PQMicroLib-Core,,,,,not_found,,,,,,,
PQnet,,,,,not_found,,,,,,,
PQPerform-Lattice,,,,,not_found,,,,,,,
PQSecure libpqsecure-rs,,,,,not_found,,,,,,,
PQSecure Technologies HW IP,,,,,not_found,,,,,,,
PQSecure-Agility,,,,,not_found,,,,,,,
PQShield Core,,,,,not_found,,,,,,,
PQShield PQE2E Messaging SDK,,,,,not_found,,,,,,,
PQShield PQSDK,,,,,not_found,,,,,,,
Procivis One,,,,,not_found,,,,,,,
Project Eleven Solana PQC,,,,,not_found,,,,,,,
Prometheus,cpe:2.3:a:prometheus:prometheus:0.2.0:*:*:*:*:*:*:*,prometheus,prometheus,exact,matched,https://nvd.nist.gov/products/cpe/search#results?namingFormat=2.3&keyword=prometheus%20prometheus,2026-08-07,,,,,
Proofpoint Aegis,,,,,not_found,,,,,,,
Protect AI Guardian,,,,,not_found,,,,,,,
Proton Mail,,,,,not_found,,,,,,,
Proton Mail PQC OpenPGP,,,,,not_found,,,,,,,
Proton VPN,,,,,not_found,,,,,,,
PUFpqc,,,,,not_found,,,,,,,
Pure Storage Purity//FA 6.6,cpe:2.3:a:purestorage:purity\/\/fa:6.6.0:*:*:*:*:*:*:*,purestorage,purity\/\/fa,partial,partial,https://nvd.nist.gov/products/cpe/search#results?namingFormat=2.3&keyword=pure%20storage%20purity//fa%206.6,2026-08-07,,,,,
PuTTY,,,,,not_found,,,,,,,
PyCryptodome,,,,,not_found,,,,,,,
PyJWT,cpe:2.3:a:pyjwt_project:pyjwt:0.1.6:*:*:*:*:*:*:*,pyjwt_project,pyjwt,exact,matched,https://nvd.nist.gov/products/cpe/search#results?namingFormat=2.3&keyword=pyjwt%20pyjwt,2026-08-07,,,,,
Python ssl module (CPython stdlib),,,,,not_found,,,,,,,
Q-CORE Q-Scanner,,,,,not_found,,,,,,,
QAN XLINK PQC,,,,,not_found,,,,,,,
QApp PQC TLS Gateway (Russia),,,,,not_found,,,,,,,
QASM Cryptographic Module,,,,,not_found,,,,,,,
Qatar QC2 Quantum Center,,,,,not_found,,,,,,,
Qinvicta TwinStar,,,,,not_found,,,,,,,
QKDNetSim,,,,,not_found,,,,,,,
QNu Labs QShield,,,,,not_found,,,,,,,
QPKI,,,,,not_found,,,,,,,
QRL,,,,,not_found,,,,,,,
QRL 2.0 (Quantum Resistant Ledger),,,,,not_found,,,,,,,
Qrypt BLAST SDK,,,,,not_found,,,,,,,
Qrypt VPN for NVIDIA Jetson,,,,,not_found,,,,,,,
Qualcomm Snapdragon SPU,,,,,not_found,,,,,,,
Qualcomm Snapdragon Trusted Execution Environment,,,,,not_found,,,,,,,
Qualys Cloud Platform,cpe:2.3:a:qualys:private_cloud_platform:10.24.0.0:*:*:*:*:*:*:*,qualys,private_cloud_platform,exact,matched,https://nvd.nist.gov/products/cpe/search#results?namingFormat=2.3&keyword=qualys%20cloud%20platform,2026-08-07,,,,,
Quantinuum Quantum Origin,,,,,not_found,,,,,,,
Quantropi QiSpace STM32,,,,,not_found,,,,,,,
Quantum Bridge DSKE,,,,,not_found,,,,,,,
Quantum Corporation Cryptographic Module,,,,,not_found,,,,,,,
Quantum eMotion Sentry-Q,,,,,not_found,,,,,,,
Quantum Leap Africa (AIMS),,,,,not_found,,,,,,,
Quantum Secure Encryption Corp. QPA v2,,,,,not_found,,,,,,,
Quantum Xchange PhioTX,,,,,not_found,,,,,,,
Quantum Xchange Platform,,,,,not_found,,,,,,,
QuantumCTek PQC Chip,,,,,not_found,,,,,,,
QuintessenceLabs qSOC,,,,,not_found,,,,,,,
QuintessenceLabs qStream,,,,,not_found,,,,,,,
Quranium PQC Blockchain,,,,,not_found,,,,,,,
QuSecure QuProtect R3,,,,,not_found,,,,,,,
QuSecure QuProtect Tactical,,,,,not_found,,,,,,,
QVerse,,,,,not_found,,,,,,,
R3 Corda,cpe:2.3:a:r3:corda:4.1:*:*:*:open_source:*:*:*,r3,corda,exact,matched,https://nvd.nist.gov/products/cpe/search#results?namingFormat=2.3&keyword=r3%20corda,2026-08-07,,,,,
Radiant Logic Cryptographic Module for Java,,,,,not_found,,,,,,,
Rakuten Symphony (Symworld),,,,,not_found,,,,,,,
Rambus QSE IP,,,,,not_found,,,,,,,
Rapid7 InsightVM,cpe:2.3:a:rapid7:insightvm:6.4.31:*:*:*:*:*:*:*,rapid7,insightvm,exact,matched,https://nvd.nist.gov/products/cpe/search#results?namingFormat=2.3&keyword=rapid7%20insightvm,2026-08-07,,,,,
Realtek RTS5916,,,,,not_found,,,,,,,
Recorded Future,,,,,not_found,,,,,,,
Red Hat Ansible Automation Platform,cpe:2.3:a:redhat:ansible_automation_platform:1.2:*:*:*:*:*:*:*,redhat,ansible_automation_platform,exact,matched,https://nvd.nist.gov/products/cpe/search#results?namingFormat=2.3&keyword=red%20hat%20ansible%20automation%20platform,2026-08-07,,,,,
Red Hat Certificate System 11.0,,,,,not_found,,,,,,,
Red Hat Enterprise Linux 10 PQC,,,,,not_found,,,,,,,
Red Hat Enterprise Linux 10.2,,,,,not_found,,,,,,,
Red Hat Enterprise Linux 9,cpe:2.3:o:redhat:enterprise_linux:9.0:*:*:*:*:*:*:*,redhat,enterprise_linux,exact,matched,https://nvd.nist.gov/products/cpe/search#results?namingFormat=2.3&keyword=red%20hat%20enterprise%20linux%209,2026-08-07,,,,,
Red Hat Enterprise Linux 9.8,,,,,not_found,,,,,,,
Red Hat OpenShift,cpe:2.3:a:redhat:openshift:2.0.5:*:enterprise:*:*:*:*:*,redhat,openshift,exact,matched,https://nvd.nist.gov/products/cpe/search#results?namingFormat=2.3&keyword=red%20hat%20openshift,2026-08-07,,,,,
Red Hat OpenShift Service Mesh PQC,,,,,not_found,,,,,,,
Red Hat Trusted Artifact Signer,,,,,not_found,,,,,,,
Redis,,,,,not_found,,,,,,,
Renesas Veridify PQC for RA MCUs,,,,,not_found,,,,,,,
Resquant Crypto Accelerator,,,,,not_found,,,,,,,
Rocky Linux,cpe:2.3:o:rockylinux:rocky_linux:8.4:*:*:*:*:*:*:*,rockylinux,rocky_linux,exact,matched,https://nvd.nist.gov/products/cpe/search#results?namingFormat=2.3&keyword=rocky%20linux,2026-08-07,,,,,
Rosenpass,cpe:2.3:a:rosenpass:rosenpass:0.2.1:-:*:*:*:rust:*:*,rosenpass,rosenpass,exact,matched,https://nvd.nist.gov/products/cpe/search#results?namingFormat=2.3&keyword=rosenpass%20rosenpass,2026-08-07,,,,,
RPM Signing (rpm-sign),,,,,not_found,,,,,,,
Rubrik Security Cloud,,,,,not_found,,,,,,,
RustCrypto ml-dsa,,,,,not_found,,,,,,,
RustCrypto ml-kem,,,,,not_found,,,,,,,
RustCrypto SLH-DSA,,,,,not_found,,,,,,,
RustCrypto slh-dsa,,,,,not_found,,2026-07-14,2026-07-14,not in regen,,,
rustls,cpe:2.3:a:rustls_project:rustls:0.1.0:*:*:*:*:*:*:*,rustls_project,rustls,exact,matched,https://nvd.nist.gov/products/cpe/search#results?namingFormat=2.3&keyword=rustls%20rustls,2026-08-07,,,,,
SafeLogic CryptoComply,,,,,not_found,,,,,,,
SailPoint Identity Security Cloud,,,,,not_found,,,,,,,
SAML 2.0,cpe:2.3:a:samlify_project:samlify:2.0.0:*:*:*:*:*:*:*,samlify_project,samlify,partial,partial,https://nvd.nist.gov/products/cpe/search#results?namingFormat=2.3&keyword=saml%202.0,2026-08-07,,,,,
Samsung Knox Quantum-Safe,,,,,not_found,,,,,,,
Samsung Networks 5G Core,,,,,not_found,,,,,,,
Samsung S3SSE2A eSE,,,,,not_found,,,,,,,
Samsung SDS S-CAPE PQC Platform,,,,,not_found,,,,,,,
SandboxAQ AQtive Guard,,,,,not_found,,,,,,,
SandboxAQ Sandwich,,,,,not_found,,,,,,,
Sansec csmsc1 Cryptographic Module,,,,,not_found,,,,,,,
SAP Cryptographic Library,,,,,not_found,,,,,,,
SAP Cryptographic Library 8.6 PQC,,,,,not_found,,,,,,,
Saviynt Cryptographic Module,,,,,not_found,,,,,,,
Scality RING9,,,,,not_found,,,,,,,
SEALSQ QS7001,,,,,not_found,,,,,,,
SEALSQ Quantum Shield QS7001,,,,,not_found,,,,,,,
SEALSQ QVault TPM,,,,,not_found,,,,,,,
SECQAI Q-Locked TPM (Taiwan/TSMC),,,,,not_found,,,,,,,
Sectigo 2026 Predictions,,,,,not_found,,,,,,,
Sectigo Cert Manager 2026,,,,,not_found,,,,,,,
Sectigo Certificate Manager,,,,,not_found,,,,,,,
Sectigo Certificate Manager (SCM),,,,,not_found,,,,,,,
Secunet SINA PQC Components,,,,,not_found,,,,,,,
Secure-IC PQC Solutions,,,,,not_found,,,,,,,
Secure-IC Securyzr,,,,,not_found,,,,,,,
SecureMachines Prastaara Quantum Cryptographic Suite,,,,,not_found,,,,,,,
Securosys CloudHSM,,,,,not_found,,,,,,,
Securosys Primus CyberVault PQC,,,,,not_found,,,,,,,
Securosys Primus HSM,,,,,not_found,,,,,,,
Senetas CN7000 Series,,,,,not_found,,,,,,,
SeQUeNCe,,,,,not_found,,,,,,,
Sequoia-PGP PQC,,,,,not_found,,,,,,,
Sequre Quantum (Chile),,,,,not_found,,,,,,,
Session Protocol V2 PQC,,,,,not_found,,,,,,,
Shinewave Post-Quantum Cryptography Module for IoT Gateways,,,,,not_found,,,,,,,
Siemens SINEMA Remote Connect,cpe:2.3:a:siemens:sinema_remote_connect:-:*:*:*:*:*:*:*,siemens,sinema_remote_connect,exact,matched,https://nvd.nist.gov/products/cpe/search#results?namingFormat=2.3&keyword=siemens%20sinema%20remote%20connect,2026-08-07,,,,,
Signal,,,,,not_found,,,,,,,
Signiant Media Shuttle,,,,,not_found,,,,,,,
SignQuantum PQC E-Signature,,,,,not_found,,,,,,,
SignServer,,,,,not_found,,,,,,,
sigstore/cosign,,,,,not_found,,,,,,,
Silvus Crypto Module,,,,,not_found,,,,,,,
SimpleX Chat PQC,,,,,not_found,,,,,,,
Singtel Quantum-Safe Network,,,,,not_found,,,,,,,
SK Telecom 5G PQC SIM,,,,,not_found,,,,,,,
SL-FJA3 (SafeLogic FIPS Java API),,,,,not_found,,,,,,,
smallstep Certificate Authority,,,,,not_found,,,,,,,
SMAUG-T Reference Implementation,,,,,not_found,,,,,,,
Snort IDS/IPS,,,,,not_found,,,,,,,
SOC 2 (Quantum Trust Criteria),,,,,not_found,,,,,,,
SoftHSM2,,,,,not_found,,,,,,,
softhsmv3 (pqctoday-hsm fork),,,,,not_found,,,,,,,
Solana,cpe:2.3:a:solana:rbpf:0.2.14:*:*:*:*:*:*:*,solana,rbpf,partial,partial,https://nvd.nist.gov/products/cpe/search#results?namingFormat=2.3&keyword=solana%20solana,2026-08-07,,,,,
SolarWinds Java Cryptographic Library,,,,,not_found,,,,,,,
Sonatype Nexus,cpe:2.3:a:sonatype:nexus:2.7.1:*:*:*:*:*:*:*,sonatype,nexus,exact,matched,https://nvd.nist.gov/products/cpe/search#results?namingFormat=2.3&keyword=sonatype%20nexus,2026-08-07,,,,,
SonicWall NSa / TZ (SonicOS),,,,,not_found,,,,,,,
Sophos XGS,,,,,not_found,,,,,,,
SOPS (Secrets OPerationS),,,,,not_found,,,,,,,
SOTI MobiControl,,,,,not_found,,,,,,,
Sphereon SSI SDK,,,,,not_found,,,,,,,
Spherity CARO Pharma PQC,,,,,not_found,,,,,,,
SPHINCS+ Reference,,,,,not_found,,,,,,,
Splunk Enterprise,cpe:2.3:a:splunk:splunk:6.1.3:*:*:*:enterprise:*:*:*,splunk,splunk,partial,partial,https://nvd.nist.gov/products/cpe/search#results?namingFormat=2.3&keyword=splunk%20enterprise,2026-08-07,,,,,
Spring Security OAuth2,,,,,not_found,,,,,,,
SpruceID,,,,,not_found,,,,,,,
SQL Server TDE/Always Encrypted,,,,,not_found,,,,,,,
ssh-audit,,,,,not_found,,,,,,,
SSLyze,,,,,not_found,,,,,,,
ST33KTPM2X (STSAFE-TPM),,,,,not_found,,,,,,,
STMicroelectronics ST33KTPM,,,,,not_found,,,,,,,
STMicroelectronics ST54M Post-Quantum Security Chip,,,,,not_found,,,,,,,
STMicroelectronics X-CUBE-PQC,,,,,not_found,,,,,,,
strongSwan,cpe:2.3:a:strongswan:strongswan:2.1.2:*:*:*:*:*:*:*,strongswan,strongswan,exact,matched,https://nvd.nist.gov/products/cpe/search#results?namingFormat=2.3&keyword=strongswan%20strongswan,2026-08-07,,,,,
STSAFE-V100-TPM,,,,,not_found,,,,,,,
STV Post-Quantum Secure Drones,,,,,not_found,,,,,,,
Stytch Authentication Platform,,,,,not_found,,,,,,,
Sui,,,,,not_found,,,,,,,
SUPERCOP,,,,,not_found,,,,,,,
Surfshark,,,,,not_found,,,,,,,
Suricata IDS/IPS,,,,,not_found,,,,,,,
SUSE Linux Enterprise Server (SLES),cpe:2.3:o:suse:linux_enterprise_server:12:*:*:*:ltss:*:*:*,suse,linux_enterprise_server,exact,matched,https://nvd.nist.gov/products/cpe/search#results?namingFormat=2.3&keyword=suse%20linux%20enterprise%20server%20%28sles%29,2026-08-07,,,,,
SUSE Rancher Kubernetes Cryptographic Library,,,,,not_found,,,,,,,
SWIFT Quantum-Safe Messaging,,,,,not_found,,,,,,,
swtpm,cpe:2.3:a:swtpm_project:swtpm:0.7.0:-:*:*:*:*:*:*,swtpm_project,swtpm,exact,matched,https://nvd.nist.gov/products/cpe/search#results?namingFormat=2.3&keyword=swtpm%20swtpm,2026-08-07,,,,,
Syft,,,,,not_found,,,,,,,
Synopsys Agile PQC Public Key Accelerator (PKA),,,,,not_found,,,,,,,
Tailscale PQC,,,,,not_found,,,,,,,
TASS Crypto Engine (LMS),,,,,not_found,,,,,,,
TASS Crypto Engine (PQC),,,,,not_found,,,,,,,
Taurus SA,,,,,not_found,,,,,,,
tcpdump,,,,,not_found,,,,,,,
Tectia SSH (SSH.COM),,,,,not_found,,,,,,,
Telegram,cpe:2.3:a:telegram_desktop:telegram_desktop:0.10.19:*:*:*:*:*:*:*,telegram_desktop,telegram_desktop,exact,matched,https://nvd.nist.gov/products/cpe/search#results?namingFormat=2.3&keyword=telegram%20telegram,2026-08-07,,,,,
Teleport Access Platform,,,,,not_found,,,,,,,
Tellabs Panorama PON Manager Cryptographic Module,,,,,not_found,,,,,,,
Tenable Nessus Professional,,,,,not_found,,,,,,,
testssl.sh,,,,,not_found,,,,,,,
Thales 5G Quantum-Safe SIM,,,,,not_found,,,,,,,
Thales CipherTrust Cloud Key Manager,,,,,not_found,,,,,,,
Thales CipherTrust Data Security Platform,,,,,not_found,,,,,,,
Thales CipherTrust Manager,,,,,not_found,,,,,,,
Thales High Speed Encryptor (HSE),,,,,not_found,,,,,,,
Thales Luna Cloud HSM (DPoD),,,,,not_found,,,,,,,
Thales Luna HSM,,,,,not_found,,,,,,,
Thales Luna T-Series HSM,,,,,not_found,,,,,,,
Thales MISTRAL Encryptor,,,,,not_found,,,,,,,
Thales MultiApp 5.2 Premium PQC,,,,,not_found,,,,,,,
Thales payShield 10K,,,,,not_found,,,,,,,
The OpenSSL Corporation OpenSSL FIPS Provider,,,,,not_found,,,,,,,
Threema PQC,,,,,not_found,,,,,,,
Thunderbird PQC (OpenPGP),,,,,not_found,,,,,,,
TianoCore EDK2 (UEFI Firmware),,,,,not_found,,,,,,,
TII PQC Library (UAE),,,,,not_found,,,,,,,
TikTok PQC Data Protection,,,,,not_found,,,,,,,
Toppan PQC CARD,,,,,not_found,,,,,,,
TOPPAN SecureBridge HPKI PQC,,,,,not_found,,,,,,,
Tor Browser,cpe:2.3:a:tor_browser_the_short_guide_project:tor_browser_the_short_guide:0.1:*:*:*:*:android:*:*,tor_browser_the_short_guide_project,tor_browser_the_short_guide,exact,matched,https://nvd.nist.gov/products/cpe/search#results?namingFormat=2.3&keyword=tor%20browser,2026-08-07,,,,,
Toshiba Hardware Security Module PQC cryptographic library,,,,,not_found,,,,,,,
Toshiba Integrated PQC-QKD Platform,,,,,not_found,,,,,,,
Toshiba QKD System,,,,,not_found,,,,,,,
TQ42 Cryptography,,,,,not_found,,,,,,,
Traefik,,,,,not_found,,,,,,,
Traefik Proxy v3.5 Post-Quantum TLS,,,,,not_found,,,,,,,
Trail of Bits ml-dsa,,,,,not_found,,,,,,,
Trend Micro Java Crypto Module,,,,,not_found,,,,,,,
Trezor Safe 7 PQC,,,,,not_found,,,,,,,
TrustCloud Quantum Vault,,,,,not_found,,,,,,,
Trusty TEE,,,,,not_found,,,,,,,
tshark / Wireshark,,,,,not_found,,,,,,,
TUBITAK BILGEM PQC (Turkey),,,,,not_found,,,,,,,
Turkcell Nokia Quantum-Safe IPsec,,,,,not_found,,,,,,,
Tuta Mail,,,,,not_found,,,,,,,
Tutus Farist IEG,,,,,not_found,,,,,,,
U-Boot,,,,,not_found,,,,,,,
Ubuntu 24.04 LTS,,,,,not_found,,,,,,,
Ubuntu 26.04 LTS,,,,,not_found,,,,,,,
Uni-sentry SecIP-PQCHSM Secure Hardware,,,,,not_found,,,,,,,
UniSentry SecIC-HSM PQC Crypto Module,,,,,not_found,,,,,,,
Unisys ClearPath Forward,,,,,not_found,,,,,,,
Utimaco ESKM,,,,,not_found,,,,,,,
Utimaco Quantum Protect (Stateful Hash-Based Signature Module),,,,,not_found,,,,,,,
Utimaco Quantum Protect Suite,,,,,not_found,,,,,,,
Utimaco SecurityServer,cpe:2.3:h:utimaco:securityserver_cse:-:*:*:*:*:*:*:*,utimaco,securityserver_cse,exact,matched,https://nvd.nist.gov/products/cpe/search#results?namingFormat=2.3&keyword=utimaco%20securityserver,2026-08-07,,,,,
Utimaco uTrust HSM,,,,,not_found,,,,,,,
VanDyke SecureCRT 10.x,,,,,not_found,,,,,,,
Vector Informatik vSecPrim,,,,,not_found,,,,,,,
Veeam Data Platform v13,,,,,not_found,,,,,,,
Venafi CodeSign Protect,,,,,not_found,,,,,,,
Venafi TLS PQC Continuity,,,,,not_found,,,,,,,
Venafi TLS Protect,,,,,not_found,,,,,,,
Venafi Trust Protection Platform,,,,,not_found,,,,,,,
Veracode Platform,,,,,not_found,,,,,,,
VeraCrypt,cpe:2.3:a:veracrypt:veracrypt:1.14:*:*:*:*:*:*:*,veracrypt,veracrypt,exact,matched,https://nvd.nist.gov/products/cpe/search#results?namingFormat=2.3&keyword=veracrypt%20veracrypt,2026-08-07,,,,,
Veritas NetBackup 10.5,,,,,not_found,,2026-04-01,2026-07-11,not in regen,veritas-netbackup-10-5,cpe_not_found_pending_nvd,'Veritas NetBackup 10.5' not yet indexed in NVD CPE dictionary. PQC-specific products are emerging; re-verify when NVD CPE 2.3 coverage expands. Consider submitting CPE request via https://nvd.nist.gov/products/cpe/request-cpe
Veritas NetBackup 11 PQC,,,,,not_found,,,,,,,
Versa Networks SASE PQC,,,,,not_found,,,,,,,
VIAVI Observer Analyzer,,,,,not_found,,,,,,,
VIAVI TeraVM Security Test,,,,,not_found,,,,,,,
Virtru Data Protection,,,,,not_found,,,,,,,
VMware Avi Load Balancer PQC,,,,,not_found,,,,,,,
VMware ESXi 9.0,,,,,not_found,,,,,,,
VMware Horizon,cpe:2.3:a:vmware:horizon_view:6.2:*:*:*:*:*:*:*,vmware,horizon_view,exact,matched,https://nvd.nist.gov/products/cpe/search#results?namingFormat=2.3&keyword=vmware%20horizon,2026-08-07,,,,,
VMware Workspace ONE,cpe:2.3:a:vmware:workspace_one:2.5.1:*:*:*:*:iphone_os:*:*,vmware,workspace_one,exact,matched,https://nvd.nist.gov/products/cpe/search#results?namingFormat=2.3&keyword=vmware%20workspace%20one,2026-08-07,,,,,
Vodafone Quantum-Safe Network,,,,,not_found,,,,,,,
Vox Messenger PQC,,,,,not_found,,,,,,,
Vultr Cloud GPU,,,,,not_found,,,,,,,
walt.id,,,,,not_found,,,,,,,
WhatsApp,cpe:2.3:a:whatsapp:whatsapp:2.2.5:*:*:*:*:iphone_os:*:*,whatsapp,whatsapp,exact,matched,https://nvd.nist.gov/products/cpe/search#results?namingFormat=2.3&keyword=whatsapp%20whatsapp,2026-08-07,,,,,
WildFly (JBoss),,,,,not_found,,,,,,,
Wind River VxWorks,cpe:2.3:o:windriver:vxworks:6.4:*:*:*:*:*:*:*,windriver,vxworks,exact,matched,https://nvd.nist.gov/products/cpe/search#results?namingFormat=2.3&keyword=wind%20river%20vxworks,2026-08-07,,,,,
Windows 11,,,,,not_found,,,,,,,
Windows Server 2025,,,,,not_found,,,,,,,
Windscribe,cpe:2.3:a:windscribe:windscribe:1.81:*:*:*:*:*:*:*,windscribe,windscribe,exact,matched,https://nvd.nist.gov/products/cpe/search#results?namingFormat=2.3&keyword=windscribe%20windscribe,2026-08-07,,,,,
WinSCP PQC File Transfer,,,,,not_found,,,,,,,
Wire,,,,,not_found,,,,,,,
WireGuard,cpe:2.3:a:wireguard:wireguard:0.5.3:*:*:*:*:*:*:*,wireguard,wireguard,exact,matched,https://nvd.nist.gov/products/cpe/search#results?namingFormat=2.3&keyword=wireguard%20wireguard,2026-08-07,,,,,
wireguard-go,,,,,not_found,,,,,,,
WiSECURE CRYSTAL Library (ML-KEM and ML-DSA),,,,,not_found,,,,,,,
WISeSat PQC Constellation,,,,,not_found,,,,,,,
Wiz Cloud Security PQC,,,,,not_found,,,,,,,
wolfBoot,,,,,not_found,,,,,,,
wolfCrypt Post Quantum,,,,,not_found,,,,,,,
wolfSSH,cpe:2.3:a:wolfssh:wolfssh:1.4.7:*:*:*:*:*:*:*,wolfssh,wolfssh,exact,matched,https://nvd.nist.gov/products/cpe/search#results?namingFormat=2.3&keyword=wolfssh%20wolfssh,2026-08-07,,,,,
wolfSSL,cpe:2.3:a:wolfssl:wolfssl:3.6.6:*:*:*:*:*:*:*,wolfssl,wolfssl,exact,matched,https://nvd.nist.gov/products/cpe/search#results?namingFormat=2.3&keyword=wolfssl%20wolfssl,2026-08-07,,,,,
wolfTPM PQC,,,,,not_found,,,,,,,
X-CUBE-PQC (STM32 Post-Quantum Cryptographic Library),,,,,not_found,,,,,,,
Xiphera PQC IP Cores,,,,,not_found,,,,,,,
Xiphera XIP6110B,,,,,not_found,,,,,,,
Xiphera XIP6220B,,,,,not_found,,,,,,,
Xiphera xQlave,,,,,not_found,,,,,,,
XiPKI,,,,,not_found,,,,,,,
xmss-reference,,,,,not_found,,,,,,,
Yubico YubiHSM 2,cpe:2.3:a:yubico:yubihsm-shell:2.0.0:*:*:*:*:*:*:*,yubico,yubihsm-shell,partial,partial,https://nvd.nist.gov/products/cpe/search#results?namingFormat=2.3&keyword=yubico%20yubihsm%202,2026-08-07,,,,,
Zeek Network Analysis Framework,,,,,not_found,,,,,,,
ZeroTier Quantum,,,,,not_found,,,,,,,
Zerto 11.0,,,,,not_found,,,,,,,
Zodia Custody,,,,,not_found,,,,,,,
Zoom Compliance 2026,,,,,not_found,,,,,,,
Zscaler Internet Access (ZIA) Post-Quantum TLS,,,,,not_found,,,,,,,
Zscaler Zero Trust Exchange,,,,,not_found,,,,,,,
Zscaler ZTE,,,,,not_found,,,,,,,
