ref_id,source_name,category,source_type,pillar,maturity_level,asset_class,requirement,evidence_quote,evidence_location,source_url,confidence,extraction_model,extraction_date,status,deprecated_at,deprecated_reason
FIPS-140-3-STANDARD,FIPS 140-3 — Security Requirements for Cryptographic Modules,Certification Schemes,Standard,assurance,3,all,Procure only cryptographic modules validated against FIPS 140-3 by CMVP; exclude modules on the Historical list from procurement decisions.,"Agencies should develop plans for the acquisition of products that are compliant with FIPS 140-3; however, agencies may purchase any of the products on the CMVP validated modules list. (Note: the CMVP Historical list should not be used for procurement decisions.)","Section 12, Implementation Schedule",https://nvlpubs.nist.gov/nistpubs/FIPS/NIST.FIPS.140-3.pdf,high,mlx-community/Qwen3.6-27B-8bit,2026-08-31,active,,
FIPS-140-3-STANDARD,FIPS 140-3 — Security Requirements for Cryptographic Modules,Certification Schemes,Standard,assurance,3,all,"Ensure cryptographic modules employ only Approved security functions as specified in FIPS, NIST SP 800-140C, or NIST SP 800-140D.","Cryptographic modules that conform to this standard shall employ Approved security functions such as cryptographic algorithms, cryptographic key management techniques, and authentication techniques that have been approved for protecting Federal government sensitive information.","Section 10, Approved Security Functions",https://nvlpubs.nist.gov/nistpubs/FIPS/NIST.FIPS.140-3.pdf,high,mlx-community/Qwen3.6-27B-8bit,2026-08-31,active,,
FIPS-140-3-STANDARD,FIPS 140-3 — Security Requirements for Cryptographic Modules,Certification Schemes,Standard,governance,2,all,Assign a responsible authority within the agency to ensure the security of the system is sufficient and acceptable to the information owner.,The responsible authority in each agency shall ensure that the security of the system is sufficient and acceptable.,"Section 13, Qualifications",https://nvlpubs.nist.gov/nistpubs/FIPS/NIST.FIPS.140-3.pdf,high,mlx-community/Qwen3.6-27B-8bit,2026-08-31,active,,
FIPS-140-3-STANDARD,FIPS 140-3 — Security Requirements for Cryptographic Modules,Certification Schemes,Standard,governance,2,all,Ensure the operator acknowledges and accepts any residual risk associated with the cryptographic module's security provision.,The operator of a cryptographic module is responsible for ensuring that the security provided by a module is sufficient and acceptable to the owner of the information that is being protected and that any residual risk is acknowledged and accepted.,"Section 13, Qualifications",https://nvlpubs.nist.gov/nistpubs/FIPS/NIST.FIPS.140-3.pdf,high,mlx-community/Qwen3.6-27B-8bit,2026-08-31,active,,
FIPS-140-3-STANDARD,FIPS 140-3 — Security Requirements for Cryptographic Modules,Certification Schemes,Standard,lifecycle,2,all,Select the security level for validation based on the specific application environment and security services required.,The security level to which a cryptographic module is validated must be chosen to provide a level of security appropriate for the security requirements of the application and environment in which the module will be utilized and the security services that the module will provide.,"Section 7, Applications",https://nvlpubs.nist.gov/nistpubs/FIPS/NIST.FIPS.140-3.pdf,high,mlx-community/Qwen3.6-27B-8bit,2026-08-31,active,,
CMVP-MGMT-MANUAL,CMVP Management Manual,Certification Schemes,Compliance Framework,governance,2,all,"Define and document roles and responsibilities for vendors, CST laboratories, validation authorities, and users within the cryptographic module validation program.",2.5 Roles and Responsibilities of Program Participants ... 2.5.1 Vendor ... 2.5.2 CST Laboratory ... 2.5.3 CMVP Validation Authorities ... 2.5.4 User,Section 2.5,https://csrc.nist.gov/CSRC/media/Projects/cryptographic-module-validation-program/documents/CMVPMM.pdf,high,mlx-community/Qwen3.6-27B-8bit,2026-08-31,active,,
CMVP-MGMT-MANUAL,CMVP Management Manual,Certification Schemes,Compliance Framework,governance,2,all,Establish formal agreements between validation authority organizations to manage the Cryptographic Module Validation Program.,2.8 Agreements between Validation Authority Organizations,Section 2.8,https://csrc.nist.gov/CSRC/media/Projects/cryptographic-module-validation-program/documents/CMVPMM.pdf,high,mlx-community/Qwen3.6-27B-8bit,2026-08-31,active,,
CMVP-MGMT-MANUAL,CMVP Management Manual,Certification Schemes,Compliance Framework,governance,2,all,"Maintain programmatic directives, policies, and internal guidance documentation to govern the CMVP operations.","2.9 Programmatic Directives and Policies, and Internal Guidance and Documentation",Section 2.9,https://csrc.nist.gov/CSRC/media/Projects/cryptographic-module-validation-program/documents/CMVPMM.pdf,high,mlx-community/Qwen3.6-27B-8bit,2026-08-31,active,,
CMVP-MGMT-MANUAL,CMVP Management Manual,Certification Schemes,Compliance Framework,assurance,3,all,Submit cryptographic modules for formal validation by accredited CST laboratories to obtain a validation certificate.,4.1.2 Vendor and Laboratory Procedures for Testing of the Cryptographic Module ... 4.1.2.2 Validation Certificate,Section 4.1.2,https://csrc.nist.gov/CSRC/media/Projects/cryptographic-module-validation-program/documents/CMVPMM.pdf,high,mlx-community/Qwen3.6-27B-8bit,2026-08-31,active,,
CMVP-MGMT-MANUAL,CMVP Management Manual,Certification Schemes,Compliance Framework,assurance,3,all,Undergo re-validation for non-security relevant changes to maintain the validity of the cryptographic module certification.,4.4.2 Non-security Relevant Re-validation,Section 4.4.2,https://csrc.nist.gov/CSRC/media/Projects/cryptographic-module-validation-program/documents/CMVPMM.pdf,high,mlx-community/Qwen3.6-27B-8bit,2026-08-31,active,,
CMVP-MGMT-MANUAL,CMVP Management Manual,Certification Schemes,Compliance Framework,assurance,3,all,Adhere to the flaw discovery handling process to address security vulnerabilities in validated cryptographic modules.,4.8 Flaw Discovery Handling Process,Section 4.8,https://csrc.nist.gov/CSRC/media/Projects/cryptographic-module-validation-program/documents/CMVPMM.pdf,high,mlx-community/Qwen3.6-27B-8bit,2026-08-31,active,,
CMVP-MGMT-MANUAL,CMVP Management Manual,Certification Schemes,Compliance Framework,assurance,3,all,Accept validation revocation if the cryptographic module no longer meets the requirements or if flaws are not addressed.,4.9 Validation Revocation,Section 4.9,https://csrc.nist.gov/CSRC/media/Projects/cryptographic-module-validation-program/documents/CMVPMM.pdf,high,mlx-community/Qwen3.6-27B-8bit,2026-08-31,active,,
CMVP-MGMT-MANUAL,CMVP Management Manual,Certification Schemes,Compliance Framework,observability,3,all,Monitor the official CMVP website for updates to the cryptographic module validation lists and certificate status.,4.10 CMVP Webpage Update ... 4.10.1 Official CMVP Website ... 4.10.2 FIPS 140-2 Cryptographic Module Validation Lists,Section 4.10,https://csrc.nist.gov/CSRC/media/Projects/cryptographic-module-validation-program/documents/CMVPMM.pdf,high,mlx-community/Qwen3.6-27B-8bit,2026-08-31,active,,
CMVP-MGMT-MANUAL,CMVP Management Manual,Certification Schemes,Compliance Framework,lifecycle,2,all,Manage the validation submission queue and adhere to validation deadlines for initial and re-validation processes.,4.4 Validation Submission Queue Processing ... 4.4.4 Validation Deadline,Section 4.4,https://csrc.nist.gov/CSRC/media/Projects/cryptographic-module-validation-program/documents/CMVPMM.pdf,high,mlx-community/Qwen3.6-27B-8bit,2026-08-31,active,,
CMVP-MGMT-MANUAL,CMVP Management Manual,Certification Schemes,Compliance Framework,lifecycle,2,all,Request transition period extensions when necessary to manage the lifecycle of cryptographic modules during standard updates.,4.7 Request for Transition Period Extension,Section 4.7,https://csrc.nist.gov/CSRC/media/Projects/cryptographic-module-validation-program/documents/CMVPMM.pdf,high,mlx-community/Qwen3.6-27B-8bit,2026-08-31,active,,
NIST-SP-800-140A,NIST SP 800-140A — CMVP Documentation Requirements,Certification Schemes,Standard,assurance,3,all,Provide vendor documentation fulfilling minimum requirements specified by the validation authority and management documentation for cryptographic modules undergoing independent verification.,The vendor shall provide documentation for a cryptographic module that fulfils but is not limited to the minimum documentation requirements as specified in the validation authority requirement and management documentation.,"Section 6.1, VEA.01.02",https://nvlpubs.nist.gov/nistpubs/SpecialPublications/NIST.SP.800-140A.pdf,high,mlx-community/Qwen3.6-27B-8bit,2026-08-31,active,,
NIST-SP-800-140A,NIST SP 800-140A — CMVP Documentation Requirements,Certification Schemes,Standard,assurance,3,all,Verify that vendors provide documentation fulfilling minimum requirements specified by the validation authority and management documentation during independent testing.,The tester shall verify that the vendor provides documentation for a cryptographic module that fulfils but is not limited to the minimum documentation requirements as specified in the validation authority requirement and management documentation.,"Section 6.1, TEA.01.02",https://nvlpubs.nist.gov/nistpubs/SpecialPublications/NIST.SP.800-140A.pdf,high,mlx-community/Qwen3.6-27B-8bit,2026-08-31,active,,
NIST-SP-800-140B,NIST SP 800-140B Rev. 1: CMVP Security Policy Requirements,Certification Schemes,Compliance Framework,governance,3,all,"Define precise physical and cryptographic boundaries for the module, including TOEPP components and logical layers.",Precise definition of the module’s physical TOEPP and cryptographic boundaries... The location of the cryptographic module with respect to the TOEPP... clearly defined.,Section B.2.2,https://nvlpubs.nist.gov/nistpubs/SpecialPublications/NIST.SP.800-140Br1.pdf,high,mlx-community/Qwen3.6-27B-8bit,2026-08-31,active,,
NIST-SP-800-140B,NIST SP 800-140B Rev. 1: CMVP Security Policy Requirements,Certification Schemes,Compliance Framework,governance,3,all,"Document Sensitive Security Parameter (SSP) management, including generation, storage, I/O methods, and strength.","Provide an key SSP table specifying the key SSP type(s), strength(s)... where and how the key(s) SSP(s) is generated... Specify the SSP storage",Section B.2.9,https://nvlpubs.nist.gov/nistpubs/SpecialPublications/NIST.SP.800-140Br1.pdf,high,mlx-community/Qwen3.6-27B-8bit,2026-08-31,active,,
NIST-SP-800-140B,NIST SP 800-140B Rev. 1: CMVP Security Policy Requirements,Certification Schemes,Compliance Framework,assurance,3,all,Submit security policy with illustrative diagrams or photographs demonstrating module structure and cryptographic boundary.,"Illustrative diagram, schematic, or photograph of the module... For a software or firmware... block diagram that illustrates... the cryptographic boundary",Section B.2.2,https://nvlpubs.nist.gov/nistpubs/SpecialPublications/NIST.SP.800-140Br1.pdf,high,mlx-community/Qwen3.6-27B-8bit,2026-08-31,active,,
NIST-SP-800-140B,NIST SP 800-140B Rev. 1: CMVP Security Policy Requirements,Certification Schemes,Compliance Framework,inventory,3,all,"Inventory all module versions in the security policy, ensuring each is represented separately or annotated for coverage.","If the security policy encompasses multiple versions of the module, each version is represented separately or annotated that the representation is illustrated for all versions.",Section B.2.2,https://nvlpubs.nist.gov/nistpubs/SpecialPublications/NIST.SP.800-140Br1.pdf,high,mlx-community/Qwen3.6-27B-8bit,2026-08-31,active,,
NIST-SP-800-140C,NIST SP 800-140C Rev. 2: CMVP-Approved Security Functions,Certification Schemes,Standard,assurance,3,all,Use only CMVP-approved security functions; preclude all others. Monitor the official CMVP web link for the current list of approved functions to ensure validation compliance.,"This document identifies CMVP-approved security functions. It precludes the use of all other security functions. For the current list of CMVP-approved security functions, see https://csrc.nist.gov/projects/cmvp/sp800-140c.",Section 6.1 Purpose and Section 6.2 Approved security functions,https://nvlpubs.nist.gov/nistpubs/SpecialPublications/NIST.SP.800-140Cr2.pdf,high,mlx-community/Qwen3.6-27B-8bit,2026-08-31,active,,
NIST-SP-800-140C,NIST SP 800-140C Rev. 2: CMVP-Approved Security Functions,Certification Schemes,Standard,lifecycle,3,all,"Establish a process to continuously monitor the CMVP website for updates to the list of approved security functions, as the list is maintained online rather than in static documents.","Future modifications to the list will be made on that website, minimizing the need to revise this publication.","Appendix A. Document Revisions, Revision 2 (r2)",https://nvlpubs.nist.gov/nistpubs/SpecialPublications/NIST.SP.800-140Cr2.pdf,high,mlx-community/Qwen3.6-27B-8bit,2026-08-31,active,,
NIST-SP-800-140C,NIST SP 800-140C Rev. 2: CMVP-Approved Security Functions,Certification Schemes,Standard,inventory,2,all,"Maintain an inventory of cryptographic modules that strictly utilizes only those security functions listed as CMVP-approved, excluding any non-approved functions.",This document identifies CMVP-approved security functions. It precludes the use of all other security functions.,Section 6.1 Purpose,https://nvlpubs.nist.gov/nistpubs/SpecialPublications/NIST.SP.800-140Cr2.pdf,high,mlx-community/Qwen3.6-27B-8bit,2026-08-31,active,,
NIST IR 8547,Transition to Post-Quantum Cryptography Standards,Standardization Bodies,Compliance Framework,governance,2,all,"Develop a strategy to manage the transition to post-quantum cryptography, including the adoption of new algorithms and the deprecation of quantum-vulnerable ones.","This report serves as the initial step in a broader strategy to manage and guide the transition to post-quantum cryptography. This transition will involve the adoption of new PQC algorithms as well as the careful deprecation, controlled legacy use, and eventual removal of quantum-vulnerable algorithms","Section 1.1, Paragraphs 119-125",https://csrc.nist.gov/pubs/ir/8547/ipd,medium,mlx-community/Qwen3.6-27B-8bit,2026-08-31,active,,
NIST IR 8547,Transition to Post-Quantum Cryptography Standards,Standardization Bodies,Compliance Framework,inventory,2,all,Identify existing quantum-vulnerable cryptographic standards and the specific quantum-resistant standards required for transition across information technology products and services.,It identifies existing quantum-vulnerable cryptographic standards and the quantum-resistant standards to which information technology products and services will need to transition.,"Abstract, Paragraphs 2-7",https://csrc.nist.gov/pubs/ir/8547/ipd,medium,mlx-community/Qwen3.6-27B-8bit,2026-08-31,active,,
NIST IR 8547,Transition to Post-Quantum Cryptography Standards,Standardization Bodies,Compliance Framework,lifecycle,2,all,"Plan for the careful deprecation, controlled legacy use, and eventual removal of quantum-vulnerable algorithms as part of the transition strategy.","This transition will involve the adoption of new PQC algorithms as well as the careful deprecation, controlled legacy use, and eventual removal of quantum-vulnerable algorithms","Section 1.1, Paragraphs 119-125",https://csrc.nist.gov/pubs/ir/8547/ipd,medium,mlx-community/Qwen3.6-27B-8bit,2026-08-31,active,,
NSA CNSA 2.0,Commercial National Security Algorithm Suite 2.0,Standardization Bodies,Compliance Framework,governance,3,all,"Prohibit use of unapproved cryptographic algorithms; require specific waivers for any algorithm, implementation, or use case not approved by the National Manager.","Using any cryptographic algorithms the National Manager did not approve is generally not allowed, and requires a waiver specific to the algorithm, implementation, and use case.",Executive summary,https://media.defense.gov/2025/May/30/2003728741/-1/-1/0/CSA_CNSA_2.0_ALGORITHMS.PDF,medium,mlx-community/Qwen3.6-27B-8bit,2026-08-31,active,,
NSA CNSA 2.0,Commercial National Security Algorithm Suite 2.0,Standardization Bodies,Compliance Framework,assurance,3,software,"Require NIAP or NSA validation for all software and hardware providing cryptographic services, in addition to meeting CNSA requirements.","In accordance with CNSSP 11, software and hardware providing cryptographic services require National Information Assurance Partnership (NIAP) or NSA validation in addition to meeting the requirements of the appropriate version of CNSA.",Executive summary,https://media.defense.gov/2025/May/30/2003728741/-1/-1/0/CSA_CNSA_2.0_ALGORITHMS.PDF,medium,mlx-community/Qwen3.6-27B-8bit,2026-08-31,active,,
NSA CNSA 2.0,Commercial National Security Algorithm Suite 2.0,Standardization Bodies,Compliance Framework,lifecycle,3,software,Transition all deployed software and firmware to CNSA 2.0-compliant signatures by 2030; new software must use CNSA 2.0 signing algorithms by 2025.,New software and firmware use CNSA 2.0 signing algorithms by 2025... Transitioning all deployed software and firmware to CNSA 2.0-compliant signatures by 2030.,Timing for software signing and firmware signing,https://media.defense.gov/2025/May/30/2003728741/-1/-1/0/CSA_CNSA_2.0_ALGORITHMS.PDF,medium,mlx-community/Qwen3.6-27B-8bit,2026-08-31,active,,
NSA CNSA 2.0,Commercial National Security Algorithm Suite 2.0,Standardization Bodies,Compliance Framework,lifecycle,3,software,Update or replace custom applications and legacy equipment by 2033 to meet CNSA 2.0 requirements.,Custom applications and legacy equipment: update or replace by 2033.,Other requirements for NSS,https://media.defense.gov/2025/May/30/2003728741/-1/-1/0/CSA_CNSA_2.0_ALGORITHMS.PDF,medium,mlx-community/Qwen3.6-27B-8bit,2026-08-31,active,,
NSA CNSA 2.0,Commercial National Security Algorithm Suite 2.0,Standardization Bodies,Compliance Framework,lifecycle,3,software,Prefer CNSA 2.0 algorithms when configuring systems during the transition period; exclusive use becomes mandatory by defined deadlines.,"Where feasible, NSS owners and operators will be required to prefer CNSA 2.0 algorithms when configuring systems during the transition period.",Timing,https://media.defense.gov/2025/May/30/2003728741/-1/-1/0/CSA_CNSA_2.0_ALGORITHMS.PDF,medium,mlx-community/Qwen3.6-27B-8bit,2026-08-31,active,,
NSA CNSA 2.0,Commercial National Security Algorithm Suite 2.0,Standardization Bodies,Compliance Framework,governance,3,all,"Measure compliance with CNSA 1.0 and 2.0 as part of the Risk Management Framework process, specifically assessing Security Control 12.",Approving Officials (AOs) should measure compliance as part of the Risk Management Framework (RMF) process when assessing Security Control 12 (SC-12).,Enforcement,https://media.defense.gov/2025/May/30/2003728741/-1/-1/0/CSA_CNSA_2.0_ALGORITHMS.PDF,medium,mlx-community/Qwen3.6-27B-8bit,2026-08-31,active,,
NSA CNSA 2.0,Commercial National Security Algorithm Suite 2.0,Standardization Bodies,Compliance Framework,assurance,3,all,"Verify compliance with CNSA 2.0 for software- and firmware-signing on systems; do not assess against FIPS-validated, but require NSA-approved solutions.","Furthermore, AOs will need to verify compliance with CNSA 2.0 for software- and firmware-signing on their systems. NSS should not be assessed against “FIPS-validated” in the RMF process; instead, solutions must be NSA-approved.",Enforcement,https://media.defense.gov/2025/May/30/2003728741/-1/-1/0/CSA_CNSA_2.0_ALGORITHMS.PDF,medium,mlx-community/Qwen3.6-27B-8bit,2026-08-31,active,,
NSA CNSA 2.0,Commercial National Security Algorithm Suite 2.0,Standardization Bodies,Compliance Framework,lifecycle,3,software,Require waivers and compliance plans for legacy equipment and software not refreshed regularly to meet NIAP Protection Profile requirements.,"At that point, legacy equipment and software not refreshed regularly will require a waiver and a plan to bring it into compliance.",Timing,https://media.defense.gov/2025/May/30/2003728741/-1/-1/0/CSA_CNSA_2.0_ALGORITHMS.PDF,medium,mlx-community/Qwen3.6-27B-8bit,2026-08-31,active,,
ANSSI-PG-083-v3-2026,Règles et Recommandations Concernant le Choix et le Dimensionnement des Mécanismes Cryptographiques (v3.00),Standardization Bodies,Compliance Framework,governance,2,all,Submit the relevance of ANSSI cryptographic implementations to prior validation by the system administrator or security officers.,"la pertinence de l’implémentation des éléments proposés par l’ANSSI doit être soumise, au préalable, à la validation de l’administrateur du système et/ou des personnes en charge de la sécurité des systèmes d’information.",Informations / Attention,https://messervices.cyber.gouv.fr/documents-guides/anssi-guide-mecanismes-crypto-3.00.pdf,high,mlx-community/Qwen3.6-27B-8bit,2026-08-31,active,,
ANSSI-PG-083-v3-2026,Règles et Recommandations Concernant le Choix et le Dimensionnement des Mécanismes Cryptographiques (v3.00),Standardization Bodies,Compliance Framework,governance,2,all,Adhere to defined rules as necessary conditions for recognizing the correct security level of cryptographic mechanisms.,L’observation de ces règles est une condition nécessaire à la reconnaissance du bon niveau de sécurité du mécanisme. Un mécanisme respectant ces règles est dit conforme au référentiel.,1.4 Définition des règles et recommandations,https://messervices.cyber.gouv.fr/documents-guides/anssi-guide-mecanismes-crypto-3.00.pdf,high,mlx-community/Qwen3.6-27B-8bit,2026-08-31,active,,
ANSSI-PG-083-v3-2026,Règles et Recommandations Concernant le Choix et le Dimensionnement des Mécanismes Cryptographiques (v3.00),Standardization Bodies,Compliance Framework,governance,2,all,Follow post-quantum rules as necessary conditions for protection against quantum adversaries.,"L’observation d’une règle, qu’elle soit post-quantique ou non, est une condition nécessaire à la reconnaissance qu’un mécanisme cryptographique offre des assurances de protection contre un adversaire doté d’un ordinateur quantique",1.4 Définition des règles et recommandations,https://messervices.cyber.gouv.fr/documents-guides/anssi-guide-mecanismes-crypto-3.00.pdf,high,mlx-community/Qwen3.6-27B-8bit,2026-08-31,active,,
ETSI TR 103 619,Migration Strategies and Recommendations for Quantum-Safe Schemes,Standardization Bodies,Government Guidance,inventory,2,all,"Compile a comprehensive inventory of cryptographic assets, including infrastructure and suppliers, to support migration planning.",Stage 1 - Inventory compilation... Infrastructure inventory... Supplier inventory,Section 5 / Annex A.1.4 / A.1.5,https://www.etsi.org/deliver/etsi_tr/103600_103699/103619/01.01.01_60/tr_103619v010101p.pdf,medium,mlx-community/Qwen3.6-27B-8bit,2026-08-31,active,,
ETSI TR 103 619,Migration Strategies and Recommendations for Quantum-Safe Schemes,Standardization Bodies,Government Guidance,governance,2,all,Create a documented migration plan addressing orderly and disorderly transition scenarios for quantum-safe schemes.,Stage 2 - Preparation of the migration plan... Creation of the migration plan... Orderly transition planning... Disorderly transition planning,Section 6 / Annex A.2,https://www.etsi.org/deliver/etsi_tr/103600_103699/103619/01.01.01_60/tr_103619v010101p.pdf,medium,mlx-community/Qwen3.6-27B-8bit,2026-08-31,active,,
ETSI TR 103 619,Migration Strategies and Recommendations for Quantum-Safe Schemes,Standardization Bodies,Government Guidance,lifecycle,2,keys,Define key management procedures specifically for the migration period to ensure continuity and security.,Key management during migration,Section 6.4,https://www.etsi.org/deliver/etsi_tr/103600_103699/103619/01.01.01_60/tr_103619v010101p.pdf,medium,mlx-community/Qwen3.6-27B-8bit,2026-08-31,active,,
ETSI TR 103 619,Migration Strategies and Recommendations for Quantum-Safe Schemes,Standardization Bodies,Government Guidance,lifecycle,2,certificates,Establish trust management processes to handle certificate and trust anchor transitions during migration.,Trust management during migration,Section 6.5,https://www.etsi.org/deliver/etsi_tr/103600_103699/103619/01.01.01_60/tr_103619v010101p.pdf,medium,mlx-community/Qwen3.6-27B-8bit,2026-08-31,active,,
ETSI TR 103 619,Migration Strategies and Recommendations for Quantum-Safe Schemes,Standardization Bodies,Government Guidance,lifecycle,2,software,Plan for isolation approaches and access controls for non-quantum-safe resources during the migration execution.,Isolation approaches during migration... Access to non-QSC protected resources after migration,Section 6.6 / 6.7,https://www.etsi.org/deliver/etsi_tr/103600_103699/103619/01.01.01_60/tr_103619v010101p.pdf,medium,mlx-community/Qwen3.6-27B-8bit,2026-08-31,active,,
ETSI TR 103 619,Migration Strategies and Recommendations for Quantum-Safe Schemes,Standardization Bodies,Government Guidance,assurance,2,all,"Conduct risk, data, and cryptographic assessments to evaluate the impact of quantum threats on the estate.",Risk assessment... Data assessment... Cryptographic assessment,Annex A.1.1 / A.1.2 / A.1.3,https://www.etsi.org/deliver/etsi_tr/103600_103699/103619/01.01.01_60/tr_103619v010101p.pdf,medium,mlx-community/Qwen3.6-27B-8bit,2026-08-31,active,,
RFC-9958,RFC 9958,Standardization Bodies,Government Guidance,governance,2,all,Establish long-term security planning and proactive assessment processes for cryptographic systems to address the threat of cryptographically relevant quantum computers.,"Engineers responsible for designing, maintaining, and securing cryptographic systems must prepare for the significant changes... It requires a combination of engineering efforts, proactive assessment and evaluation of available technologies, and a careful approach to product development and deployment.",Section 1,https://datatracker.ietf.org/doc/rfc9958/,medium,mlx-community/Qwen3.6-27B-8bit,2026-08-31,active,,
RFC-9958,RFC 9958,Standardization Bodies,Government Guidance,governance,2,all,"Coordinate transitions across organizations and ecosystems, planning for staged migrations where upgraded and non-upgraded agents must coexist.","A significant amount of coordination between organizations, and within and between ecosystems, needs to be taken into account. Such transitions... will require staged migrations in which upgraded agents need to coexist and communicate with non-upgraded agents.",Section 1,https://datatracker.ietf.org/doc/rfc9958/,medium,mlx-community/Qwen3.6-27B-8bit,2026-08-31,active,,
RFC-9958,RFC 9958,Standardization Bodies,Government Guidance,lifecycle,2,libraries,Design cryptographic libraries and protocols to accommodate significant differences in resource utilization and key sizes between traditional and post-quantum algorithms.,"In many cases, the shift to PQC will involve redesigning protocols and infrastructure to accommodate the significant differences in resource utilization and key sizes between traditional and PQC algorithms.",Section 1,https://datatracker.ietf.org/doc/rfc9958/,medium,mlx-community/Qwen3.6-27B-8bit,2026-08-31,active,,
RFC-9958,RFC 9958,Standardization Bodies,Government Guidance,lifecycle,2,all,Implement cryptographic agility to allow for the transition to post-quantum algorithms and hybrid schemes as standards evolve.,15.2. Cryptographic Agility,Section 15.2,https://datatracker.ietf.org/doc/rfc9958/,medium,mlx-community/Qwen3.6-27B-8bit,2026-08-31,active,,
RFC-9958,RFC 9958,Standardization Bodies,Government Guidance,assurance,2,all,"Evaluate trade-offs between security and performance when selecting post-quantum algorithms, considering constraints of devices and networks.",Engineers need to understand... how to evaluate the trade-offs between security and performance... 14. Impact on Constrained Devices and Networks,"Section 1, Section 14",https://datatracker.ietf.org/doc/rfc9958/,medium,mlx-community/Qwen3.6-27B-8bit,2026-08-31,active,,
AU-ASD-ISM-Crypto-2024,ASD Information Security Manual — Guidelines for Cryptography (December 2024),Compliance Frameworks,Compliance Framework,governance,3,keys,"Develop, implement, and maintain documented cryptographic key management processes and procedures covering the full key lifecycle.","Cryptographic key management processes, and supporting cryptographic key management procedures, are developed, implemented and maintained.",Control: ISM-0507,https://www.cyber.gov.au/sites/default/files/2024-12/22.%20ISM%20-%20Guidelines%20for%20Cryptography%20(December%202024).pdf,high,mlx-community/Qwen3.6-27B-8bit,2026-08-31,active,,
AU-ASD-ISM-Crypto-2024,ASD Information Security Manual — Guidelines for Cryptography (December 2024),Compliance Frameworks,Compliance Framework,governance,3,software,Ensure cryptographic equipment and software use only ASD-Approved Cryptographic Algorithms or high assurance algorithms by disabling unapproved ones.,Only AACAs or high assurance cryptographic algorithms are used by cryptographic equipment and software.,Control: ISM-0471,https://www.cyber.gov.au/sites/default/files/2024-12/22.%20ISM%20-%20Guidelines%20for%20Cryptography%20(December%202024).pdf,high,mlx-community/Qwen3.6-27B-8bit,2026-08-31,active,,
AU-ASD-ISM-Crypto-2024,ASD Information Security Manual — Guidelines for Cryptography (December 2024),Compliance Frameworks,Compliance Framework,governance,3,software,Comply with ASD Communications Security Instructions for the management and operation of High Assurance Cryptographic Equipment.,Communications security doctrine produced by ASD for the management and operation of HACE is complied with.,Control: ISM-0499,https://www.cyber.gov.au/sites/default/files/2024-12/22.%20ISM%20-%20Guidelines%20for%20Cryptography%20(December%202024).pdf,high,mlx-community/Qwen3.6-27B-8bit,2026-08-31,active,,
AU-ASD-ISM-Crypto-2024,ASD Information Security Manual — Guidelines for Cryptography (December 2024),Compliance Frameworks,Compliance Framework,governance,3,software,Operate High Assurance Cryptographic Equipment only if issued an Approval for Use by ASD and in accordance with latest instructions.,HACE are issued an Approval for Use by ASD and operated in accordance with the latest version of their associated Australian Communications Security Instructions.,Control: ISM-1802,https://www.cyber.gov.au/sites/default/files/2024-12/22.%20ISM%20-%20Guidelines%20for%20Cryptography%20(December%202024).pdf,high,mlx-community/Qwen3.6-27B-8bit,2026-08-31,active,,
AU-ASD-ISM-Crypto-2024,ASD Information Security Manual — Guidelines for Cryptography (December 2024),Compliance Frameworks,Compliance Framework,governance,3,keys,Report compromise or suspected compromise of cryptographic equipment or keying material to the CISO or delegate immediately.,"The compromise or suspected compromise of cryptographic equipment or associated keying material is reported to the Chief Information Security Officer, or one of their delegates, as soon as possible after it occurs.",Control: ISM-0142,https://www.cyber.gov.au/sites/default/files/2024-12/22.%20ISM%20-%20Guidelines%20for%20Cryptography%20(December%202024).pdf,high,mlx-community/Qwen3.6-27B-8bit,2026-08-31,active,,
AU-ASD-ISM-Crypto-2024,ASD Information Security Manual — Guidelines for Cryptography (December 2024),Compliance Frameworks,Compliance Framework,governance,3,keys,Change keying material immediately when cryptographic equipment or keying material is compromised or suspected of being compromised.,Keying material is changed when compromised or suspected of being compromised.,Control: ISM-1091,https://www.cyber.gov.au/sites/default/files/2024-12/22.%20ISM%20-%20Guidelines%20for%20Cryptography%20(December%202024).pdf,high,mlx-community/Qwen3.6-27B-8bit,2026-08-31,active,,
AU-ASD-ISM-Crypto-2024,ASD Information Security Manual — Guidelines for Cryptography (December 2024),Compliance Frameworks,Compliance Framework,governance,3,software,Use ECDH in preference to Diffie-Hellman for asymmetric cryptographic operations to promote interoperability and reduce data cost.,ECDH is used in preference to DH.,Control: ISM-0994,https://www.cyber.gov.au/sites/default/files/2024-12/22.%20ISM%20-%20Guidelines%20for%20Cryptography%20(December%202024).pdf,high,mlx-community/Qwen3.6-27B-8bit,2026-08-31,active,,
India-DST-NQM-Roadmap,India DST Task Force Report — Phased Roadmap for Migration to Post-Quantum Cryptography under NQM,Compliance Frameworks,Government Guidance,governance,2,all,"Establish a multidisciplinary Task Force to oversee, facilitate, and formulate guidelines for the phased transition to Post-Quantum Cryptography.","The Terms of Reference (ToR) of the Task Force include: (a) To oversee, facilitate and formulate guidelines for phased transition to PQC","Preface, Page 1",https://dst.gov.in/sites/default/files/Report_TaskForce_PQMigration_4Feb26%20(v1).pdf,high,mlx-community/Qwen3.6-27B-8bit,2026-08-31,active,,
India-DST-NQM-Roadmap,India DST Task Force Report — Phased Roadmap for Migration to Post-Quantum Cryptography under NQM,Compliance Frameworks,Government Guidance,governance,2,all,"Constitute dedicated sub-groups to define minimum frameworks for standards, testing, and certification of quantum-safe products and solutions.","The first sub-group... is tasked with developing a unified structure and a minimum framework for defining standards, testing, and certification of quantum-safe products and solutions.","Preface, Page 1",https://dst.gov.in/sites/default/files/Report_TaskForce_PQMigration_4Feb26%20(v1).pdf,high,mlx-community/Qwen3.6-27B-8bit,2026-08-31,active,,
India-DST-NQM-Roadmap,India DST Task Force Report — Phased Roadmap for Migration to Post-Quantum Cryptography under NQM,Compliance Frameworks,Government Guidance,governance,2,all,"Assign responsibility for quantum resiliency, crypto agility, and PQC migration deliberations to a dedicated sub-group chaired by industry experts.","The second sub-group... focuses on deliberations related to quantum resiliency, crypto agility, and PQC migration.","Preface, Page 1",https://dst.gov.in/sites/default/files/Report_TaskForce_PQMigration_4Feb26%20(v1).pdf,high,mlx-community/Qwen3.6-27B-8bit,2026-08-31,active,,
India-DST-NQM-Roadmap,India DST Task Force Report — Phased Roadmap for Migration to Post-Quantum Cryptography under NQM,Compliance Frameworks,Government Guidance,governance,2,all,Advise on the requirement of Indian Standards for PQC adoption to ensure national alignment and interoperability.,The Terms of Reference (ToR) of the Task Force include: (b) To advise on the requirement of Indian Standards for PQC adoption,"Preface, Page 1",https://dst.gov.in/sites/default/files/Report_TaskForce_PQMigration_4Feb26%20(v1).pdf,high,mlx-community/Qwen3.6-27B-8bit,2026-08-31,active,,
India-DST-NQM-Roadmap,India DST Task Force Report — Phased Roadmap for Migration to Post-Quantum Cryptography under NQM,Compliance Frameworks,Government Guidance,governance,2,all,Suggest measures for the establishment of National Evaluation and Testing infrastructure for Quantum Technologies and PQC solutions.,The Terms of Reference (ToR) of the Task Force include: (d) Suggest measures for establishment of National Evaluation and Testing infrastructure for Quantum Technologies and PQC solutions.,"Preface, Page 1",https://dst.gov.in/sites/default/files/Report_TaskForce_PQMigration_4Feb26%20(v1).pdf,high,mlx-community/Qwen3.6-27B-8bit,2026-08-31,active,,
India-DST-NQM-Roadmap,India DST Task Force Report — Phased Roadmap for Migration to Post-Quantum Cryptography under NQM,Compliance Frameworks,Government Guidance,governance,2,all,Adopt common PQC procurement requirements to standardize acquisition of quantum-safe solutions across sectors.,The roadmap further emphasises... adopting common PQC procurement requirements,"Executive Summary, Page 3",https://dst.gov.in/sites/default/files/Report_TaskForce_PQMigration_4Feb26%20(v1).pdf,high,mlx-community/Qwen3.6-27B-8bit,2026-08-31,active,,
India-DST-NQM-Roadmap,India DST Task Force Report — Phased Roadmap for Migration to Post-Quantum Cryptography under NQM,Compliance Frameworks,Government Guidance,governance,2,all,"Address quantum-safe security through policy formulation, long-term planning, and coordinated national action rather than merely technical exercises.","Therefore, preparing for quantum-safe security is not merely a technical exercise but a strategic necessity that must be addressed well in advance through policy formulation, long-term planning, and coordinated national action.","Section 2.0, Page 5",https://dst.gov.in/sites/default/files/Report_TaskForce_PQMigration_4Feb26%20(v1).pdf,high,mlx-community/Qwen3.6-27B-8bit,2026-08-31,active,,
CISA-PQC-CATEGORY-LIST-2026,CISA PQC Product Category List (Updated per EO 14306),Compliance Frameworks,Government Guidance,governance,3,all,Plan acquisitions to procure only PQC-capable products for categories listed as widely available in CISA guidance.,"When a particular category offers widely available PQC-capable products, organizations should plan acquisitions to procure only PQC-capable products from that category.",Introduction / Purpose,https://www.cisa.gov/resources-tools/resources/product-categories-technologies-use-post-quantum-cryptography-standards,high,mlx-community/Qwen3.6-27B-8bit,2026-08-31,active,,
CISA-PQC-CATEGORY-LIST-2026,CISA PQC Product Category List (Updated per EO 14306),Compliance Frameworks,Government Guidance,governance,3,all,"Ensure procured products implement PQC for core features and all secondary functionality, such as software updates.","It is important that the products listed in Table 3 implement PQC for core features and for all secondary functionality, such as for software updates.",Product Lists / Table 3 context,https://www.cisa.gov/resources-tools/resources/product-categories-technologies-use-post-quantum-cryptography-standards,high,mlx-community/Qwen3.6-27B-8bit,2026-08-31,active,,
CISA-PQC-CATEGORY-LIST-2026,CISA PQC Product Category List (Updated per EO 14306),Compliance Frameworks,Government Guidance,inventory,2,all,Use CISA product category lists to assess future technological needs and identify PQC-capable hardware and software.,Organizations building PQC migration plans can use these categories as a guide to assess future technological needs.,Product Lists / Table 2 context,https://www.cisa.gov/resources-tools/resources/product-categories-technologies-use-post-quantum-cryptography-standards,high,mlx-community/Qwen3.6-27B-8bit,2026-08-31,active,,
FIPS 203,Module-Lattice-Based Key-Encapsulation Mechanism Standard (ML-KEM),Technical Standards,KEM,assurance,3,software,"Ensure cryptographic modules implementing ML-KEM are designed and built securely, as conformance to the standard alone does not guarantee implementation security.",It is the responsibility of the implementer to ensure that any module that implements a key establishment capability is designed and built in a secure manner.,Section 13 (Qualifications),https://nvlpubs.nist.gov/nistpubs/FIPS/NIST.FIPS.203.pdf,high,mlx-community/Qwen3.6-27B-8bit,2026-08-31,active,,
FIPS 203,Module-Lattice-Based Key-Encapsulation Mechanism Standard (ML-KEM),Technical Standards,KEM,assurance,3,software,"Ensure the overall system implementation provides an acceptable level of security, as using a conforming product does not guarantee overall system security.",The responsible authority in each agency or department shall ensure that an overall implementation provides an acceptable level of security.,Section 13 (Qualifications),https://nvlpubs.nist.gov/nistpubs/FIPS/NIST.FIPS.203.pdf,high,mlx-community/Qwen3.6-27B-8bit,2026-08-31,active,,
FIPS 203,Module-Lattice-Based Key-Encapsulation Mechanism Standard (ML-KEM),Technical Standards,KEM,lifecycle,2,keys,"Guard against the disclosure of the decapsulation key, shared secret key, and randomness used by parties to maintain security guarantees.","Users shall, therefore, guard against the disclosure of these values [randomness, decapsulation key, shared secret key].",Section 13 (Qualifications),https://nvlpubs.nist.gov/nistpubs/FIPS/NIST.FIPS.203.pdf,high,mlx-community/Qwen3.6-27B-8bit,2026-08-31,active,,
FIPS 203,Module-Lattice-Based Key-Encapsulation Mechanism Standard (ML-KEM),Technical Standards,KEM,assurance,3,software,Employ only cryptographic algorithms approved for protecting Federal Government-sensitive information in implementations complying with this standard.,Implementations that comply with this standard shall employ cryptographic algorithms that have been approved for protecting Federal Government-sensitive information.,Section 8 (Other Approved Security Functions),https://nvlpubs.nist.gov/nistpubs/FIPS/NIST.FIPS.203.pdf,high,mlx-community/Qwen3.6-27B-8bit,2026-08-31,active,,
NSA CNSA 2.0 FAQ,CNSA 2.0 Frequently Asked Questions,Compliance Frameworks,Government & Policy,lifecycle,3,all,Transition all NSS products using public-standard algorithms from Suite B or CNSA 1.0 to CNSA 2.0 algorithms in a timely fashion.,CNSA 2.0 algorithms will be required for all products that employ public-standard algorithms in NSS... Any usage of Suite B or CNSA 1.0 algorithms will be required to transition to CNSA 2.0.,"Section: CNSA 2.0, Q: Where should CNSA 2.0 algorithms be used?",https://media.defense.gov/2022/Sep/07/2003071836/-1/-1/0/CSI_CNSA_2.0_FAQ_.PDF,high,mlx-community/Qwen3.6-27B-8bit,2026-08-31,active,,
NSA CNSA 2.0 FAQ,CNSA 2.0 Frequently Asked Questions,Compliance Frameworks,Government & Policy,lifecycle,3,all,Upgrade currently fielded NSS to CNSA 2.0 in a timely fashion unless a waiver is obtained through the approved process.,Even NSS that are in current use will need to be upgraded in a timely fashion unless the system received a waiver through the approved process.,"Section: CNSA 2.0, Q: Does CNSA 2.0 apply to fielded equipment?",https://media.defense.gov/2022/Sep/07/2003071836/-1/-1/0/CSI_CNSA_2.0_FAQ_.PDF,high,mlx-community/Qwen3.6-27B-8bit,2026-08-31,active,,
NSA CNSA 2.0 FAQ,CNSA 2.0 Frequently Asked Questions,Compliance Frameworks,Government & Policy,assurance,3,software,Implement QR algorithms in NSS mission systems as NIAP validated products or with modules validated by NIST CMVP.,QR algorithms should be implemented in NSS mission systems as National Information Assurance Partnership (NIAP) validated products... requiring modules be validated by the NIST Cryptographic Module Validation Program (CMVP).,"Section: CNSA 2.0, Q: What policies should I follow to meet NSS algorithm requirements?",https://media.defense.gov/2022/Sep/07/2003071836/-1/-1/0/CSI_CNSA_2.0_FAQ_.PDF,high,mlx-community/Qwen3.6-27B-8bit,2026-08-31,active,,
NSA CNSA 2.0 FAQ,CNSA 2.0 Frequently Asked Questions,Compliance Frameworks,Government & Policy,assurance,3,software,Use only FIPS-validated LMS or XMSS hash-based signatures for firmware and software signing in NSS.,NSA recommends using Federal Information Processing Standards (FIPS)-validated LMS or XMSS hash-based signatures to protect NSS in the specialized scenarios outlined in the standard,"Section: CNSA 2.0, Q: Where can I learn more about hash-based signatures?",https://media.defense.gov/2022/Sep/07/2003071836/-1/-1/0/CSI_CNSA_2.0_FAQ_.PDF,high,mlx-community/Qwen3.6-27B-8bit,2026-08-31,active,,
NSA CNSA 2.0 FAQ,CNSA 2.0 Frequently Asked Questions,Compliance Frameworks,Government & Policy,assurance,3,software,Ensure signature verification code for NSS is validated by NIST’s Cryptographic Algorithm Validation Program (CAVP).,Signature verification is expected to be performed by code that has been validated by NIST’s Cryptographic Algorithm Validation Program (CAVP).,"Section: CNSA 2.0, Q: I'm going to adopt LMS or XMSS for software/firmware validation for NSS...",https://media.defense.gov/2022/Sep/07/2003071836/-1/-1/0/CSI_CNSA_2.0_FAQ_.PDF,high,mlx-community/Qwen3.6-27B-8bit,2026-08-31,active,,
NSA CNSA 2.0 FAQ,CNSA 2.0 Frequently Asked Questions,Compliance Frameworks,Government & Policy,assurance,3,software,Require NSS code sources (signers) to produce signatures using hardware validated by NIST CMVP; no waivers granted.,"Code sources (signers) that are NSS are required to produce signatures according to NIST SP 800-208, which requires hardware validated by NIST’s Cryptographic Module Validation Program (CMVP)... Waivers will not be granted for this.","Section: CNSA 2.0, Q: I'm going to adopt LMS or XMSS for software/firmware validation for NSS...",https://media.defense.gov/2022/Sep/07/2003071836/-1/-1/0/CSI_CNSA_2.0_FAQ_.PDF,high,mlx-community/Qwen3.6-27B-8bit,2026-08-31,active,,
NSA CNSA 2.0 FAQ,CNSA 2.0 Frequently Asked Questions,Compliance Frameworks,Government & Policy,lifecycle,3,software,"Implement signing and state management for LMS/XMSS in hardware (e.g., HSM) to prevent state reuse and weaken security.","To avoid weakening the security of these signatures, one should implement signing and state management in hardware, such as an HSM. Backup flows... must prevent state re-use.","Section: CNSA 2.0, Q: I'm going to adopt LMS or XMSS for software/firmware validation for NSS...",https://media.defense.gov/2022/Sep/07/2003071836/-1/-1/0/CSI_CNSA_2.0_FAQ_.PDF,high,mlx-community/Qwen3.6-27B-8bit,2026-08-31,active,,
NSA CNSA 2.0 FAQ,CNSA 2.0 Frequently Asked Questions,Compliance Frameworks,Government & Policy,governance,2,all,Follow CJCSN 65104 and CNSSAM 01-07-NSM for high-grade equipment cryptographic modernization planning.,High-grade equipment will follow the guidance in CJCSN 65104 and CNSSAM 01-07-NSM.,"Section: CNSA 2.0, Q: What policies should I follow to meet NSS algorithm requirements?",https://media.defense.gov/2022/Sep/07/2003071836/-1/-1/0/CSI_CNSA_2.0_FAQ_.PDF,high,mlx-community/Qwen3.6-27B-8bit,2026-08-31,active,,
EUCC v2.0 ACM,EU Cybersecurity Certification Agreed Cryptographic Mechanisms v2.0,Compliance Frameworks,International Frameworks,governance,2,all,Developers of protection profiles and ICT products should consider using the agreed cryptographic mechanisms defined in ACM v2 when deciding which mechanisms cover their need for cryptographic protection.,developers of protection profiles and developers of ICT products should consider using the agreed cryptographic mechanisms as defined in ECCG Agreed Cryptographic Mechanisms version 2,"Section 2, Page 5",https://certification.enisa.europa.eu/document/download/f4657490-9757-4a97-8deb-fd4d6a1358ee_en?filename=EUCC_guidelines_Agreed+Cryptographic+Mechanisms+v2.pdf,medium,mlx-community/Qwen3.6-27B-8bit,2026-08-31,active,,
EUCC v2.0 ACM,EU Cybersecurity Certification Agreed Cryptographic Mechanisms v2.0,Compliance Frameworks,International Frameworks,assurance,2,all,Evaluators should verify that protection profiles and ICT products preferably rely on agreed cryptographic mechanisms as defined in ACM v2 to provide the security services evaluated under the EUCC scheme.,evaluators should verify that these protection profiles and ICT products preferably rely on agreed cryptographic mechanisms as defined in ACM v2 to provide the security services evaluated under this scheme.,"Section 2, Page 5",https://certification.enisa.europa.eu/document/download/f4657490-9757-4a97-8deb-fd4d6a1358ee_en?filename=EUCC_guidelines_Agreed+Cryptographic+Mechanisms+v2.pdf,medium,mlx-community/Qwen3.6-27B-8bit,2026-08-31,active,,
EO-14306,Executive Order 14306 — Sustaining Select Cybersecurity Efforts (PQC Provisions),Compliance Frameworks,Government & Policy,lifecycle,3,software,"Support TLS 1.3 or successor versions by January 2, 2030, to prepare for post-quantum cryptography transition.","shall each issue requirements for agencies to support, as soon as practicable, but not later than January 2, 2030, Transport Layer Security protocol version 1.3 or a successor version.",Section 2(f)(ii),https://www.whitehouse.gov/presidential-actions/2025/06/sustaining-select-efforts-to-strengthen-the-nations-cybersecurity-and-amending-executive-order-13694-and-executive-order-14144/,high,mlx-community/Qwen3.6-27B-8bit,2026-08-31,active,,
EO-14306,Executive Order 14306 — Sustaining Select Cybersecurity Efforts (PQC Provisions),Compliance Frameworks,Government & Policy,inventory,2,software,Monitor CISA-released list of product categories where post-quantum cryptography products are widely available.,shall release and thereafter regularly update a list of product categories in which products that support post-quantum cryptography (PQC) are widely available.,Section 2(f)(i),https://www.whitehouse.gov/presidential-actions/2025/06/sustaining-select-efforts-to-strengthen-the-nations-cybersecurity-and-amending-executive-order-13694-and-executive-order-14144/,high,mlx-community/Qwen3.6-27B-8bit,2026-08-31,active,,
EO-14306,Executive Order 14306 — Sustaining Select Cybersecurity Efforts (PQC Provisions),Compliance Frameworks,Government & Policy,governance,4,all,Participate in or align with pilot programs establishing rules-as-code approaches for machine-readable cybersecurity policy.,"shall establish a pilot program of a rules-as- code approach for machine-readable versions of policy and guidance that OMB, NIST, and CISA publish and manage regarding cybersecurity.",Section 2(f)(b),https://www.whitehouse.gov/presidential-actions/2025/06/sustaining-select-efforts-to-strengthen-the-nations-cybersecurity-and-amending-executive-order-13694-and-executive-order-14144/,high,mlx-community/Qwen3.6-27B-8bit,2026-08-31,active,,
EUDI-Wallet-ARF,EUDI Wallet ARF v3.0.0,Compliance Frameworks,International Frameworks,governance,2,all,Establish a structured cooperation framework with Member States and the Commission to exchange best practices and advise on policy initiatives for digital identity wallets.,The European Digital Identity Cooperation Group... is responsible for: exchange best practices and cooperate with the Commission on emerging policy initiatives in the field of digital identity wallets...,Section 1.2 Legal context,https://raw.githubusercontent.com/eu-digital-identity-wallet/eudi-doc-architecture-and-reference-framework/v2.9.0/docs/architecture-and-reference-framework-main.md,high,mlx-community/Qwen3.6-27B-8bit,2026-08-31,active,,
EUDI-Wallet-ARF,EUDI Wallet ARF v3.0.0,Compliance Frameworks,International Frameworks,assurance,3,software,Implement Wallet Solution certification processes and risk management frameworks as defined in the ecosystem architecture.,Chapter 7 discusses Wallet Solution certification and risk management.,Section 1.1 EUDI Wallet ecosystem,https://raw.githubusercontent.com/eu-digital-identity-wallet/eudi-doc-architecture-and-reference-framework/v2.9.0/docs/architecture-and-reference-framework-main.md,medium,mlx-community/Qwen3.6-27B-8bit,2026-08-31,active,,
EUDI-Wallet-ARF,EUDI Wallet ARF v3.0.0,Compliance Frameworks,International Frameworks,governance,2,all,Align implementation with the legally binding European Digital Identity Regulation and its adopted implementing and delegated acts.,"This document applies exclusively to EUDI Wallet ecosystems compliant with the Regulation... it does not replace the legally binding European Digital Identity Regulation or its adopted implementing and delegated acts, which are the only mandatory requirements.","Section 1.3 Purpose, scope and audience",https://raw.githubusercontent.com/eu-digital-identity-wallet/eudi-doc-architecture-and-reference-framework/v2.9.0/docs/architecture-and-reference-framework-main.md,high,mlx-community/Qwen3.6-27B-8bit,2026-08-31,active,,
draft-kwiatkowski-pquip-pqc-migration-00,Guidance for migration to Post-Quantum Cryptography,Technical Standards,Migration Guidance,inventory,2,all,Conduct discovery initiatives to build a comprehensive inventory of cryptographic assets and assess their relevance to PQC migration.,"A key aspect of PQC migration involves identifying and budgeting for discovery initiatives, which aim to understand the organization's cryptographic assets and their PQC relevancy. This includes building a comprehensive inventory of cryptographic use and associated assets.",Section 5,https://www.ietf.org/archive/id/draft-kwiatkowski-pquip-pqc-migration-00.html,medium,mlx-community/Qwen3.6-27B-8bit,2026-08-31,active,,
draft-kwiatkowski-pquip-pqc-migration-00,Guidance for migration to Post-Quantum Cryptography,Technical Standards,Migration Guidance,governance,2,all,Define PQC migration objectives based on a formal assessment of risk tolerance regarding data and asset safeguarding.,"To guide this process, organizations should clearly define their PQC migration objectives, starting with an assessment of their risk tolerance - how much risk they are willing to accept in safeguarding data and assets.",Section 2,https://www.ietf.org/archive/id/draft-kwiatkowski-pquip-pqc-migration-00.html,medium,mlx-community/Qwen3.6-27B-8bit,2026-08-31,active,,
draft-kwiatkowski-pquip-pqc-migration-00,Guidance for migration to Post-Quantum Cryptography,Technical Standards,Migration Guidance,lifecycle,2,keys,Prioritize cryptographic agility in protocols to support efficient key rollover and algorithm negotiation during PQC transition.,"Instead of relying solely on hybrids, protocols should prioritize cryptographic agility-embedding algorithm identifiers in keys and supporting efficient key rollover.",Section 4.1,https://www.ietf.org/archive/id/draft-kwiatkowski-pquip-pqc-migration-00.html,medium,mlx-community/Qwen3.6-27B-8bit,2026-08-31,active,,
draft-kwiatkowski-pquip-pqc-migration-00,Guidance for migration to Post-Quantum Cryptography,Technical Standards,Migration Guidance,lifecycle,2,certificates,"Update PKI infrastructure, including CAs and certificate formats, to handle PQC keys and certificates during the migration phase.","The PKI supporting systems needs to be updated to handle PQC keys and certificates. This involves changes to Certificate Authorities (CAs), certificate formats (e.g., X.509), and related processes.",Section 5,https://www.ietf.org/archive/id/draft-kwiatkowski-pquip-pqc-migration-00.html,medium,mlx-community/Qwen3.6-27B-8bit,2026-08-31,active,,
draft-kwiatkowski-pquip-pqc-migration-00,Guidance for migration to Post-Quantum Cryptography,Technical Standards,Migration Guidance,assurance,2,libraries,Align migration strategies with established standards such as FIPS and anticipate the certification process for post-quantum algorithms.,"Protocol designers are encouraged to prioritize solutions that conform to established, widely trusted standards such as FIPS. ... Migration strategies should align with guidance such as CMVP, and anticipate the certification process for post-quantum algorithms.",Section 6,https://www.ietf.org/archive/id/draft-kwiatkowski-pquip-pqc-migration-00.html,medium,mlx-community/Qwen3.6-27B-8bit,2026-08-31,active,,
draft-kwiatkowski-pquip-pqc-migration-00,Guidance for migration to Post-Quantum Cryptography,Technical Standards,Migration Guidance,observability,2,all,Implement continuous monitoring and evaluation to track migration progress and adapt to evolving quantum capabilities.,"Continuous monitoring and evaluation are also necessary to track migration progress and adapt to evolving quantum capabilities, requiring ongoing resource commitment and increasing hardware cost.",Section 5,https://www.ietf.org/archive/id/draft-kwiatkowski-pquip-pqc-migration-00.html,medium,mlx-community/Qwen3.6-27B-8bit,2026-08-31,active,,
EU PQC Recommendation,Recommendation on Coordinated Implementation Roadmap for PQC Transition,Technical Standards,Migration Guidance,governance,2,all,Establish a dedicated sub-group of the NIS Cooperation Group to coordinate the development of the PQC Coordinated Implementation Roadmap and align national transition plans.,The Commission recommends that Member States... establish a sub-group of the NIS Cooperation Group... tasked to define and develop the Post-Quantum Cryptography Coordinated Implementation Roadmap,"Section 2, Paragraph (4) and (6)",https://ec.europa.eu/newsroom/dae/redirection/document/104249,medium,mlx-community/Qwen3.6-27B-8bit,2026-08-31,active,,
EU PQC Recommendation,Recommendation on Coordinated Implementation Roadmap for PQC Transition,Technical Standards,Migration Guidance,governance,2,all,"Develop a comprehensive national strategy for PQC adoption with clear goals, milestones, and timelines, aligned with the EU Coordinated Implementation Roadmap.","This Commission Recommendation encourages Member States to develop a comprehensive strategy for the adoption of Post-Quantum Cryptography... The strategy should define clear goals, milestones, and timelines",Recital (6),https://ec.europa.eu/newsroom/dae/redirection/document/104249,medium,mlx-community/Qwen3.6-27B-8bit,2026-08-31,active,,
EU PQC Recommendation,Recommendation on Coordinated Implementation Roadmap for PQC Transition,Technical Standards,Migration Guidance,governance,2,all,Cooperate with ENISA and cybersecurity experts to evaluate and select PQC algorithms for adoption as EU standards to ensure harmonized implementation.,"This Commission Recommendation encourages Member States to work at EU-level closely with... ENISA, on the evaluation and selection of the appropriate Post-Quantum Cryptography algorithms and their adoption as EU standards",Recital (8),https://ec.europa.eu/newsroom/dae/redirection/document/104249,medium,mlx-community/Qwen3.6-27B-8bit,2026-08-31,active,,
EU PQC Recommendation,Recommendation on Coordinated Implementation Roadmap for PQC Transition,Technical Standards,Migration Guidance,lifecycle,2,all,"Define a coordinated implementation roadmap with a clear timeline for different phases and milestones, including the use of hybrid schemes for transition.",The Post-Quantum Cryptography Coordinated Implementation Roadmap should provide the list of actions... with a clear timeline for different phases and milestones... via hybrid schemes that may combine Post-Quantum Cryptography with existing cryptographic approaches,Recital (6) and (7),https://ec.europa.eu/newsroom/dae/redirection/document/104249,medium,mlx-community/Qwen3.6-27B-8bit,2026-08-31,active,,
EU PQC Recommendation,Recommendation on Coordinated Implementation Roadmap for PQC Transition,Technical Standards,Migration Guidance,lifecycle,2,all,Ensure the PQC Coordinated Implementation Roadmap is available within two years of the recommendation's publication to guide national transition plans.,The Post-Quantum Cryptography Coordinated Implementation Roadmap should be available after a period of two years following the publication of this Recommendation,"Section 2, Paragraph (7)",https://ec.europa.eu/newsroom/dae/redirection/document/104249,medium,mlx-community/Qwen3.6-27B-8bit,2026-08-31,active,,
EU PQC Recommendation,Recommendation on Coordinated Implementation Roadmap for PQC Transition,Technical Standards,Migration Guidance,assurance,2,all,Submit relevant information to the Commission upon request to enable monitoring of progress and assessment of the effectiveness of PQC transition measures.,"Member States are therefore encouraged to submit to the Commission, upon its request, all relevant information... to ensure such monitoring","Recital (11) and Section 3, Paragraph (9)",https://ec.europa.eu/newsroom/dae/redirection/document/104249,medium,mlx-community/Qwen3.6-27B-8bit,2026-08-31,active,,
NIST-SP-800-140D,NIST SP 800-140D Rev. 2 — CMVP-Approved Sensitive Security Parameter Generation and Establishment Methods,Certification Schemes,Standard,assurance,3,keys,Use only CMVP-approved methods for sensitive security parameter generation and establishment; preclude all other methods.,This document identifies CMVP-approved sensitive security parameter generation and establishment methods. These are considered CMVP-approved security functions. It precludes the use of all other sensitive security parameter generation and establishment methods.,Section 6.1 Purpose,https://nvlpubs.nist.gov/nistpubs/SpecialPublications/NIST.SP.800-140Dr2.pdf,high,mlx-community/Qwen3.6-27B-8bit,2026-08-31,active,,
NIST-SP-800-140D,NIST SP 800-140D Rev. 2 — CMVP-Approved Sensitive Security Parameter Generation and Establishment Methods,Certification Schemes,Standard,observability,3,keys,Monitor the CMVP website for the current list of approved sensitive security parameter generation and establishment methods.,"For the current list of CMVP-approved sensitive security parameter generation and establishment methods, see https://csrc.nist.gov/projects/cmvp/sp800-140d.",Section 6.2 Sensitive security parameter generation and establishment methods,https://nvlpubs.nist.gov/nistpubs/SpecialPublications/NIST.SP.800-140Dr2.pdf,high,mlx-community/Qwen3.6-27B-8bit,2026-08-31,active,,
NIST-SP-800-140D,NIST SP 800-140D Rev. 2 — CMVP-Approved Sensitive Security Parameter Generation and Establishment Methods,Certification Schemes,Standard,lifecycle,3,keys,Update cryptographic implementations to align with the dynamic list of approved methods maintained on the CMVP website.,"Future modifications to the list will be made on that website, minimizing the need to revise this publication.",Appendix A. Document Revisions (Revision 2),https://nvlpubs.nist.gov/nistpubs/SpecialPublications/NIST.SP.800-140Dr2.pdf,high,mlx-community/Qwen3.6-27B-8bit,2026-08-31,active,,
NIST-SP-800-140E,NIST SP 800-140E — CMVP Approved Authentication Mechanisms,Certification Schemes,Standard,governance,2,all,"Define and document authentication mechanisms per FIPS 140-3 security levels, ensuring operator authentication is performed by the module or Operating Environment for levels above 1.","Except at level 1, operator authentication acceptance is required to be performed by the module or by the Operating Environment as defined in ISO/IEC 19790.",Section 6.2,https://nvlpubs.nist.gov/nistpubs/SpecialPublications/NIST.SP.800-140E.pdf,high,mlx-community/Qwen3.6-27B-8bit,2026-08-31,active,,
NIST-SP-800-140E,NIST SP 800-140E — CMVP Approved Authentication Mechanisms,Certification Schemes,Standard,governance,2,all,Establish policy requiring vendors to use SP 800-63B as a framework for authentication and provide justification for any deviations from its requirements.,Vendors should use SP 800-63B as a framework for authentication requirements and should provide justification whenever SP 800-63B requirements cannot be met.,Section 6.2,https://nvlpubs.nist.gov/nistpubs/SpecialPublications/NIST.SP.800-140E.pdf,high,mlx-community/Qwen3.6-27B-8bit,2026-08-31,active,,
NIST-SP-800-140E,NIST SP 800-140E — CMVP Approved Authentication Mechanisms,Certification Schemes,Standard,assurance,3,all,Mandate that testers review and affirm vendor documentation regarding authentication mechanisms and their compliance with SP 800-63B normative sections.,"Testers should review and affirm the vendor documentation. Normative SP 800-63B sections include Section 5, Detailed requirements specific to each type of authenticator...",Section 6.2,https://nvlpubs.nist.gov/nistpubs/SpecialPublications/NIST.SP.800-140E.pdf,high,mlx-community/Qwen3.6-27B-8bit,2026-08-31,active,,
NIST-SP-800-140E,NIST SP 800-140E — CMVP Approved Authentication Mechanisms,Certification Schemes,Standard,assurance,3,all,Validate that authentication mechanisms meet the cryptographic strength requirements of SP 800-140C and SP 800-140D when used for module-provided protected communication services.,"Some of these mechanisms may be employed to establish module provided protected communication services; however, these must meet the cryptographic strength requirements of SP 800-140C and SP 800-140D.",Section 6.1,https://nvlpubs.nist.gov/nistpubs/SpecialPublications/NIST.SP.800-140E.pdf,high,mlx-community/Qwen3.6-27B-8bit,2026-08-31,active,,
NIST-ACVP,NIST Automated Cryptographic Validation Protocol (ACVP),Certification Schemes,Compliance Framework,assurance,3,libraries,Submit cryptographic algorithm implementations to NVLAP-accredited labs for ACVTS testing to obtain validation certificates.,Vendors may use any of the NVLAP-accredited Cryptographic and Security Testing (CST) Laboratories to test algorithm implementations. An algorithm implementation successfully tested by a lab and validated by NIST is added to an appropriate validation list,Overview,https://csrc.nist.gov/projects/cryptographic-algorithm-validation-program,high,mlx-community/Qwen3.6-27B-8bit,2026-08-31,active,,
NIST-ACVP,NIST Automated Cryptographic Validation Protocol (ACVP),Certification Schemes,Compliance Framework,assurance,3,libraries,Ensure algorithm implementations pass ACVTS black-box testing to be listed on the Algorithm Validation Page.,"Once this is completed for all algorithms in the test session, the implementation can submit to appear on the Algorithm Validation Page if the testing was performed through a lab on Production ACVTS.",Testing Methods Through ACVTS,https://csrc.nist.gov/projects/cryptographic-algorithm-validation-program,high,mlx-community/Qwen3.6-27B-8bit,2026-08-31,active,,
NIST-ACVP,NIST Automated Cryptographic Validation Protocol (ACVP),Certification Schemes,Compliance Framework,assurance,3,libraries,Complete cryptographic algorithm validation as a prerequisite for FIPS 140 module validation.,"Cryptographic algorithm validation is a prerequisite of cryptographic module validation. ... For an algorithm implementation to be listed on a cryptographic module validation certificate as an Approved security function, the algorithm implementation must ... successfully complete the cryptographic algorithm validation process.",Relationship of Algorithm Validation to FIPS 140 Module Validation,https://csrc.nist.gov/projects/cryptographic-algorithm-validation-program,high,mlx-community/Qwen3.6-27B-8bit,2026-08-31,active,,
NIST-ACVP,NIST Automated Cryptographic Validation Protocol (ACVP),Certification Schemes,Compliance Framework,governance,2,all,"Adhere to CAVP Management Manual responsibilities for vendors, labs, and validation authorities.","The CAVP Management Manual provides effective guidance for the CAVP Validation Authorities, CST laboratories, and vendors who participate in the program. It outlines the management activities and specific responsibilities of the various participating groups",CAVP Management Manual,https://csrc.nist.gov/projects/cryptographic-algorithm-validation-program,medium,mlx-community/Qwen3.6-27B-8bit,2026-08-31,active,,
NIST-ACVP,NIST Automated Cryptographic Validation Protocol (ACVP),Certification Schemes,Compliance Framework,inventory,2,libraries,"Maintain records of validated implementations including vendor, environment, and validation date via the validation list.","An algorithm implementation successfully tested by a lab and validated by NIST is added to an appropriate validation list, which identifies the vendor, implementation, operational environment, validation date and algorithm details.",Overview,https://csrc.nist.gov/projects/cryptographic-algorithm-validation-program,high,mlx-community/Qwen3.6-27B-8bit,2026-08-31,active,,
NIST-SP-800-90B,SP 800-90B: Recommendation for the Entropy Sources Used for Random Bit Generation,Certification Schemes,Standard,assurance,3,all,Validate entropy sources using NIST SP 800-90B specified tests and estimation methods to determine min-entropy before deployment in RBGs.,Conformance testing for implementations of this Recommendation will be conducted within the framework of the Cryptographic Algorithm Validation Program (CAVP) and the Cryptographic Module Validation Program (CMVP).,Section: Conformance Testing,https://csrc.nist.gov/pubs/sp/800/90/b/final,high,mlx-community/Qwen3.6-27B-8bit,2026-08-31,active,,
NIST-SP-800-90B,SP 800-90B: Recommendation for the Entropy Sources Used for Random Bit Generation,Certification Schemes,Standard,assurance,3,all,Perform initial entropy estimation and restart tests as part of the validation process to establish the min-entropy floor for the noise source.,3.1 Validation Process ... 3.1.3 Initial Entropy Estimate ... 3.1.4 Restart Tests,Section 3.1,https://csrc.nist.gov/pubs/sp/800/90/b/final,high,mlx-community/Qwen3.6-27B-8bit,2026-08-31,active,,
NIST-SP-800-90B,SP 800-90B: Recommendation for the Entropy Sources Used for Random Bit Generation,Certification Schemes,Standard,observability,3,all,Implement continuous health tests (Repetition Count or Adaptive Proportion) on the entropy source to detect failures in real-time.,4.4 Approved Continuous Health Tests ... 4.4.1 Repetition Count Test ... 4.4.2 Adaptive Proportion Test,Section 4.4,https://csrc.nist.gov/pubs/sp/800/90/b/final,high,mlx-community/Qwen3.6-27B-8bit,2026-08-31,active,,
NIST-SP-800-90B,SP 800-90B: Recommendation for the Entropy Sources Used for Random Bit Generation,Certification Schemes,Standard,observability,3,all,"Define and implement a failure response mechanism for health tests, such as halting output or replacing the entropy source, upon test failure.",4.3 Requirements for Health Tests ... The entropy source shall include a mechanism to respond to a health test failure.,Section 4.3,https://csrc.nist.gov/pubs/sp/800/90/b/final,high,mlx-community/Qwen3.6-27B-8bit,2026-08-31,active,,
NIST-SP-800-90B,SP 800-90B: Recommendation for the Entropy Sources Used for Random Bit Generation,Certification Schemes,Standard,lifecycle,2,all,Document the validation track (IID vs. non-IID) and the specific entropy estimation methods used for each entropy source in the system inventory.,3.1.2 Determining the track: IID track vs. non-IID track ... 3.1.5 Entropy Estimation for Entropy Sources Using a Conditioning Component,"Section 3.1.2, 3.1.5",https://csrc.nist.gov/pubs/sp/800/90/b/final,medium,mlx-community/Qwen3.6-27B-8bit,2026-08-31,active,,
NIST-SP-800-90B,SP 800-90B: Recommendation for the Entropy Sources Used for Random Bit Generation,Certification Schemes,Standard,governance,2,all,Assign responsibility for entropy source validation and health test configuration to entities implementing or configuring applications incorporating this Recommendation.,"Some of these requirements may be out-of-scope for CAVP or CMVP validation testing, and thus are the responsibility of entities using, implementing, installing or configuring applications that incorporate this Recommendation.",Section: Conformance Testing,https://csrc.nist.gov/pubs/sp/800/90/b/final,high,mlx-community/Qwen3.6-27B-8bit,2026-08-31,active,,
Saudi-NCA-ECC2-2024,Saudi Arabia National Cybersecurity Authority — Essential Cybersecurity Controls ECC-2:2024,Compliance Frameworks,Regulation,governance,2,all,"Establish a cybersecurity governance framework defining strategy, management structures, and roles to ensure compliance with NCA policies and protect national interests.","NCA’s powers and duties fulfill the strategic cybersecurity needs and the need to develop cybersecurity policies, governance mechanisms, frameworks, standards, controls, and guidelines... NCA’s Statute states that no public agency... shall be relieved from their responsibility towards their own cybersecurity",Executive Summary / Page 6,https://cdn.nca.gov.sa/api/files/public/upload/86e09090-44e4-481f-bc28-355673607654_ECC--2024-EN.pdf,high,mlx-community/Qwen3.6-27B-8bit,2026-08-31,active,,
Saudi-NCA-ECC2-2024,Saudi Arabia National Cybersecurity Authority — Essential Cybersecurity Controls ECC-2:2024,Compliance Frameworks,Regulation,governance,2,all,Define and document cybersecurity roles and responsibilities within the entity to ensure clear ownership of security obligations and adherence to the ECC.,1-4 Cybersecurity Roles and Responsibilities,Subdomains / Page 11,https://cdn.nca.gov.sa/api/files/public/upload/86e09090-44e4-481f-bc28-355673607654_ECC--2024-EN.pdf,high,mlx-community/Qwen3.6-27B-8bit,2026-08-31,active,,
Saudi-NCA-ECC2-2024,Saudi Arabia National Cybersecurity Authority — Essential Cybersecurity Controls ECC-2:2024,Compliance Frameworks,Regulation,governance,2,all,Develop and maintain formal cybersecurity policies and procedures that align with national laws and NCA standards to guide security operations.,1-3 Cybersecurity Policies and Procedures,Subdomains / Page 11,https://cdn.nca.gov.sa/api/files/public/upload/86e09090-44e4-481f-bc28-355673607654_ECC--2024-EN.pdf,high,mlx-community/Qwen3.6-27B-8bit,2026-08-31,active,,
Saudi-NCA-ECC2-2024,Saudi Arabia National Cybersecurity Authority — Essential Cybersecurity Controls ECC-2:2024,Compliance Frameworks,Regulation,governance,2,all,"Implement a cybersecurity risk management process to identify, assess, and mitigate risks to information and technology assets in accordance with the ECC.",1-5 Cybersecurity Risk Management,Subdomains / Page 11,https://cdn.nca.gov.sa/api/files/public/upload/86e09090-44e4-481f-bc28-355673607654_ECC--2024-EN.pdf,high,mlx-community/Qwen3.6-27B-8bit,2026-08-31,active,,
Saudi-NCA-ECC2-2024,Saudi Arabia National Cybersecurity Authority — Essential Cybersecurity Controls ECC-2:2024,Compliance Frameworks,Regulation,assurance,2,all,Conduct periodic cybersecurity reviews and audits to verify ongoing compliance with the Essential Cybersecurity Controls and identify areas for improvement.,1-8 Periodical Cybersecurity Review and Audit,Subdomains / Page 11,https://cdn.nca.gov.sa/api/files/public/upload/86e09090-44e4-481f-bc28-355673607654_ECC--2024-EN.pdf,high,mlx-community/Qwen3.6-27B-8bit,2026-08-31,active,,
Saudi-NCA-ECC2-2024,Saudi Arabia National Cybersecurity Authority — Essential Cybersecurity Controls ECC-2:2024,Compliance Frameworks,Regulation,assurance,2,all,"Ensure compliance with cybersecurity standards, laws, and regulations through continuous monitoring and assessment by the NCA or self-assessment.","1-7 Compliance with Cybersecurity Standards, Laws and Regulations... The NCA shall evaluate the entities’ compliance with the ECC through multiple means, such as self-assessment... and/or field auditing visits",Subdomains / Page 11; Implementation and Compliance / Page 9,https://cdn.nca.gov.sa/api/files/public/upload/86e09090-44e4-481f-bc28-355673607654_ECC--2024-EN.pdf,high,mlx-community/Qwen3.6-27B-8bit,2026-08-31,active,,
Saudi-NCA-ECC2-2024,Saudi Arabia National Cybersecurity Authority — Essential Cybersecurity Controls ECC-2:2024,Compliance Frameworks,Regulation,governance,2,all,Integrate cybersecurity considerations into information and technology project management to ensure security is addressed throughout the project lifecycle.,1-6 Cybersecurity in Information and Technology Project Management,Subdomains / Page 11,https://cdn.nca.gov.sa/api/files/public/upload/86e09090-44e4-481f-bc28-355673607654_ECC--2024-EN.pdf,high,mlx-community/Qwen3.6-27B-8bit,2026-08-31,active,,
Saudi-NCA-ECC2-2024,Saudi Arabia National Cybersecurity Authority — Essential Cybersecurity Controls ECC-2:2024,Compliance Frameworks,Regulation,governance,2,all,Establish a cybersecurity awareness and training program to ensure personnel understand their security responsibilities and the entity's policies.,1-10 Cybersecurity Awareness and Training Program,Subdomains / Page 11,https://cdn.nca.gov.sa/api/files/public/upload/86e09090-44e4-481f-bc28-355673607654_ECC--2024-EN.pdf,high,mlx-community/Qwen3.6-27B-8bit,2026-08-31,active,,
Saudi-NCA-ECC2-2024,Saudi Arabia National Cybersecurity Authority — Essential Cybersecurity Controls ECC-2:2024,Compliance Frameworks,Regulation,governance,2,all,"Define cybersecurity requirements for human resources processes, including background checks and security obligations for employees and contractors.",1-9 Cybersecurity in Human Resources,Subdomains / Page 11,https://cdn.nca.gov.sa/api/files/public/upload/86e09090-44e4-481f-bc28-355673607654_ECC--2024-EN.pdf,high,mlx-community/Qwen3.6-27B-8bit,2026-08-31,active,,
IN-CERTIN-QBOM-Guidelines-2025,"India CERT-In Technical Guidelines on SBOM, QBOM, CBOM, AIBOM, and HBOM v2.0",Compliance Frameworks,Government Guidance,governance,2,all,"Establish defined roles and responsibilities for SBOM creation, management, and distribution within the organization.",5.1 Establish Roles and Responsibilities... Steps to Establish Roles & Responsibilities,Section 5.1 / Figure 6,"https://www.cert-in.org.in/PDF/TechnicalGuidelines-on-SBOM,QBOM&CBOM,AIBOM_and_HBOM_ver2.0.pdf",high,mlx-community/Qwen3.6-27B-8bit,2026-08-31,active,,
IN-CERTIN-QBOM-Guidelines-2025,"India CERT-In Technical Guidelines on SBOM, QBOM, CBOM, AIBOM, and HBOM v2.0",Compliance Frameworks,Government Guidance,governance,2,software,Mandate the inclusion of SBOM requirements in all software procurement and purchase processes.,"It is recommended that all the Government, Public Sector and Essential Services Organizations should include requirements for SBOM in all their software and solutions purchase/procurement.",Section 2.1,"https://www.cert-in.org.in/PDF/TechnicalGuidelines-on-SBOM,QBOM&CBOM,AIBOM_and_HBOM_ver2.0.pdf",high,mlx-community/Qwen3.6-27B-8bit,2026-08-31,active,,
IN-CERTIN-QBOM-Guidelines-2025,"India CERT-In Technical Guidelines on SBOM, QBOM, CBOM, AIBOM, and HBOM v2.0",Compliance Frameworks,Government Guidance,inventory,3,libraries,"Maintain a comprehensive inventory of all software components, libraries, and modules used in software construction.","An SBOM is list of all the components, libraries, and modules that make up a software, providing transparency into its composition.",Section 1,"https://www.cert-in.org.in/PDF/TechnicalGuidelines-on-SBOM,QBOM&CBOM,AIBOM_and_HBOM_ver2.0.pdf",high,mlx-community/Qwen3.6-27B-8bit,2026-08-31,active,,
IN-CERTIN-QBOM-Guidelines-2025,"India CERT-In Technical Guidelines on SBOM, QBOM, CBOM, AIBOM, and HBOM v2.0",Compliance Frameworks,Government Guidance,inventory,3,software,Document minimum elements for Cryptographic BOM (CBOM) including cryptographic assets and algorithms used.,8.3 Minimum elements of QBOM & CBOM... Table 9 : Minimum Elements pertaining to Cryptographic Asset,Section 8.3 / Table 9,"https://www.cert-in.org.in/PDF/TechnicalGuidelines-on-SBOM,QBOM&CBOM,AIBOM_and_HBOM_ver2.0.pdf",high,mlx-community/Qwen3.6-27B-8bit,2026-08-31,active,,
IN-CERTIN-QBOM-Guidelines-2025,"India CERT-In Technical Guidelines on SBOM, QBOM, CBOM, AIBOM, and HBOM v2.0",Compliance Frameworks,Government Guidance,lifecycle,2,software,Integrate SBOM inventory into the vulnerability management workflow to track and patch known vulnerabilities.,It is also recommended that security teams of user organizations should include SBOM inventory in work flow of vulnerability management.,Section 2.1,"https://www.cert-in.org.in/PDF/TechnicalGuidelines-on-SBOM,QBOM&CBOM,AIBOM_and_HBOM_ver2.0.pdf",high,mlx-community/Qwen3.6-27B-8bit,2026-08-31,active,,
IN-CERTIN-QBOM-Guidelines-2025,"India CERT-In Technical Guidelines on SBOM, QBOM, CBOM, AIBOM, and HBOM v2.0",Compliance Frameworks,Government Guidance,lifecycle,2,software,Develop a quantum-readiness and migration strategy for cryptographic assets identified in the CBOM.,8.5 Quantum-Readiness and Migration Strategy,Section 8.5,"https://www.cert-in.org.in/PDF/TechnicalGuidelines-on-SBOM,QBOM&CBOM,AIBOM_and_HBOM_ver2.0.pdf",high,mlx-community/Qwen3.6-27B-8bit,2026-08-31,active,,
IN-CERTIN-QBOM-Guidelines-2025,"India CERT-In Technical Guidelines on SBOM, QBOM, CBOM, AIBOM, and HBOM v2.0",Compliance Frameworks,Government Guidance,assurance,2,software,Ensure SBOMs are used to streamline adherence to security regulations and provide transparency in software composition.,"v. Assist in Ensuring Compliance: SBOM helps organizations to streamline adherence to security regulations, guidelines and best practices on software security by providing required transparency in software composition.",Section 1,"https://www.cert-in.org.in/PDF/TechnicalGuidelines-on-SBOM,QBOM&CBOM,AIBOM_and_HBOM_ver2.0.pdf",high,mlx-community/Qwen3.6-27B-8bit,2026-08-31,active,,
UK-CMORG-PQC-Guidance-2025,CMORG Guidance for Post-Quantum Cryptography (UK Financial Sector),Compliance Frameworks,Government Guidance,inventory,2,all,"Create a comprehensive inventory of all cryptographic assets, identifying usage across data-in-transit, at-rest, and in-use, including metadata on ownership and lifecycle.","Financial Institutions should create a comprehensive inventory of all cryptographic assets within their organisation. This involves identifying where cryptography... is used across data-in-transit, data-at-rest, and data-in-use.","Section 5, Step 1: Cryptographic Inventory",https://www.cmorg.org.uk/sites/default/files/2025-06/CMORG%20-%20Guidance%20for%20Post-Quantum%20Cryptography%20-%20April%202025%20-%20TLP%20CLEAR%20(1).pdf,high,mlx-community/Qwen3.6-27B-8bit,2026-08-31,active,,
UK-CMORG-PQC-Guidance-2025,CMORG Guidance for Post-Quantum Cryptography (UK Financial Sector),Compliance Frameworks,Government Guidance,inventory,2,keys,"Track cryptographic algorithms and keys, capturing metadata such as ownership, usage, and lifecycle management to ensure a full picture of the landscape.","The inventory should not only track cryptographic algorithm and keys, but also capture metadata like ownership, usage, and lifecycle management.","Section 5, Step 1: Cryptographic Inventory",https://www.cmorg.org.uk/sites/default/files/2025-06/CMORG%20-%20Guidance%20for%20Post-Quantum%20Cryptography%20-%20April%202025%20-%20TLP%20CLEAR%20(1).pdf,high,mlx-community/Qwen3.6-27B-8bit,2026-08-31,active,,
UK-CMORG-PQC-Guidance-2025,CMORG Guidance for Post-Quantum Cryptography (UK Financial Sector),Compliance Frameworks,Government Guidance,governance,2,all,"Conduct risk assessments to evaluate quantum vulnerability of each asset, accounting for data shelf life, migration timelines, and algorithm-specific threat emergence.","Next, a risk assessment should be conducted to evaluate the quantum vulnerability of each cryptographic asset. This process should account for variability in timelines... Factors to consider include the shelf life of encrypted data...","Section 5, Step 2: Risk Assessment",https://www.cmorg.org.uk/sites/default/files/2025-06/CMORG%20-%20Guidance%20for%20Post-Quantum%20Cryptography%20-%20April%202025%20-%20TLP%20CLEAR%20(1).pdf,high,mlx-community/Qwen3.6-27B-8bit,2026-08-31,active,,
UK-CMORG-PQC-Guidance-2025,CMORG Guidance for Post-Quantum Cryptography (UK Financial Sector),Compliance Frameworks,Government Guidance,governance,2,all,"Develop a prioritisation framework to address high-risk areas first, focusing on long-lived sensitive data and systems with extensive third-party dependencies.","Developing a prioritisation framework helps in managing resources effectively and ensuring that the most critical vulnerabilities are addressed first. Systems that protect long-lived, sensitive data... may also require more immediate attention.","Section 5, Step 3: Prioritisation",https://www.cmorg.org.uk/sites/default/files/2025-06/CMORG%20-%20Guidance%20for%20Post-Quantum%20Cryptography%20-%20April%202025%20-%20TLP%20CLEAR%20(1).pdf,high,mlx-community/Qwen3.6-27B-8bit,2026-08-31,active,,
UK-CMORG-PQC-Guidance-2025,CMORG Guidance for Post-Quantum Cryptography (UK Financial Sector),Compliance Frameworks,Government Guidance,lifecycle,2,software,Implement crypto-agile systems capable of quickly adapting to future cryptographic requirements and quantum threats during remediation.,"Additionally, financial institutions must ensure they have crypto-agile systems that can quickly adapt to future cryptographic requirements and quantum threat.","Section 5, Step 4: Remediation",https://www.cmorg.org.uk/sites/default/files/2025-06/CMORG%20-%20Guidance%20for%20Post-Quantum%20Cryptography%20-%20April%202025%20-%20TLP%20CLEAR%20(1).pdf,high,mlx-community/Qwen3.6-27B-8bit,2026-08-31,active,,
UK-CMORG-PQC-Guidance-2025,CMORG Guidance for Post-Quantum Cryptography (UK Financial Sector),Compliance Frameworks,Government Guidance,lifecycle,2,all,"Adopt a phased approach for integrating Post-Quantum Cryptography standards, collaborating with vendors to minimize disruption during migration.",Collaboration with vendors and implementing a phased approach for integrating PQC will be key to minimising disruptions while securing critical systems against future quantum threats.,"Section 5, Step 4: Remediation",https://www.cmorg.org.uk/sites/default/files/2025-06/CMORG%20-%20Guidance%20for%20Post-Quantum%20Cryptography%20-%20April%202025%20-%20TLP%20CLEAR%20(1).pdf,high,mlx-community/Qwen3.6-27B-8bit,2026-08-31,active,,
UK-CMORG-PQC-Guidance-2025,CMORG Guidance for Post-Quantum Cryptography (UK Financial Sector),Compliance Frameworks,Government Guidance,governance,2,all,"Assess and align third-party vendor capabilities with quantum-resistant standards to facilitate a seamless transition, given reliance on external solutions.","Given financial institutions’ reliance on third-party solutions, it is imperative to assess and align vendors' capabilities with quantum-resistant standards to facilitate a seamless transition.",Section 1: Executive Summary,https://www.cmorg.org.uk/sites/default/files/2025-06/CMORG%20-%20Guidance%20for%20Post-Quantum%20Cryptography%20-%20April%202025%20-%20TLP%20CLEAR%20(1).pdf,high,mlx-community/Qwen3.6-27B-8bit,2026-08-31,active,,
FIPS 204,Module-Lattice-Based Digital Signature Standard (ML-DSA),Technical Standards,Digital Signature,governance,2,all,Designate a responsible authority to ensure the overall implementation provides an acceptable level of security.,The responsible authority in each agency or department shall ensure that an overall implementation provides an acceptable level of security.,Announcement Section 14,https://nvlpubs.nist.gov/nistpubs/FIPS/NIST.FIPS.204.pdf,high,mlx-community/Qwen3.6-27B-8bit,2026-08-31,active,,
FIPS 204,Module-Lattice-Based Digital Signature Standard (ML-DSA),Technical Standards,Digital Signature,governance,2,keys,Guard against the disclosure of private keys to maintain the security of the digital signature system.,"Signatories shall, therefore, guard against the disclosure of their private keys.",Announcement Section 14,https://nvlpubs.nist.gov/nistpubs/FIPS/NIST.FIPS.204.pdf,high,mlx-community/Qwen3.6-27B-8bit,2026-08-31,active,,
FIPS 204,Module-Lattice-Based Digital Signature Standard (ML-DSA),Technical Standards,Digital Signature,governance,2,keys,Restrict digital signature key pairs from being used for purposes other than digital signatures.,Agencies are advised that digital signature key pairs shall not be used for other purposes.,Announcement Section 8,https://nvlpubs.nist.gov/nistpubs/FIPS/NIST.FIPS.204.pdf,high,mlx-community/Qwen3.6-27B-8bit,2026-08-31,active,,
FIPS 204,Module-Lattice-Based Digital Signature Standard (ML-DSA),Technical Standards,Digital Signature,assurance,3,libraries,Ensure cryptographic modules implementing the standard are designed and built in a secure manner by the implementer.,It is the responsibility of an implementer to ensure that any module that implements a digital signature capability is designed and built in a secure manner.,Announcement Section 14,https://nvlpubs.nist.gov/nistpubs/FIPS/NIST.FIPS.204.pdf,high,mlx-community/Qwen3.6-27B-8bit,2026-08-31,active,,
FIPS 204,Module-Lattice-Based Digital Signature Standard (ML-DSA),Technical Standards,Digital Signature,assurance,3,libraries,Employ only cryptographic algorithms approved for protecting Federal Government-sensitive information in implementations.,Digital signature implementations that comply with this standard shall employ cryptographic algorithms that have been approved for protecting Federal Government-sensitive information.,Announcement Section 9,https://nvlpubs.nist.gov/nistpubs/FIPS/NIST.FIPS.204.pdf,high,mlx-community/Qwen3.6-27B-8bit,2026-08-31,active,,
EU-NIS-CG-Roadmap-v1.1,EU NIS Cooperation Group — Coordinated Implementation Roadmap for PQC Transition v1.1,Compliance Frameworks,International Frameworks,governance,2,all,Establish mature cryptographic asset management to facilitate the transition to PQC and improve cryptographic agility.,It is recommended to ensure that the quantum threat becomes a part of risk management of all relevant entities and to establish mature cryptographic asset management to facilitate the transition to PQC and to improve cryptographic agility in general.,"Executive Summary, Page 2",https://ec.europa.eu/newsroom/dae/redirection/document/117507,medium,mlx-community/Qwen3.6-27B-8bit,2026-08-31,active,,
EU-NIS-CG-Roadmap-v1.1,EU NIS Cooperation Group — Coordinated Implementation Roadmap for PQC Transition v1.1,Compliance Frameworks,International Frameworks,governance,2,all,Initiate a national PQC transition strategy by the end of 2026 and coordinate efforts at the EU level.,"In particular, it is recommended that all Member States initiate a national PQC transition strategy following First Steps by the end of 2026 and coordinate their efforts at the EU level.","Executive Summary, Page 2",https://ec.europa.eu/newsroom/dae/redirection/document/117507,medium,mlx-community/Qwen3.6-27B-8bit,2026-08-31,active,,
EU-NIS-CG-Roadmap-v1.1,EU NIS Cooperation Group — Coordinated Implementation Roadmap for PQC Transition v1.1,Compliance Frameworks,International Frameworks,governance,2,all,Include the quantum threat as part of the risk management processes for all relevant entities.,It is recommended to ensure that the quantum threat becomes a part of risk management of all relevant entities...,"Executive Summary, Page 2",https://ec.europa.eu/newsroom/dae/redirection/document/117507,medium,mlx-community/Qwen3.6-27B-8bit,2026-08-31,active,,
EU-NIS-CG-Roadmap-v1.1,EU NIS Cooperation Group — Coordinated Implementation Roadmap for PQC Transition v1.1,Compliance Frameworks,International Frameworks,lifecycle,2,all,"Transition high-risk use cases to PQC as soon as possible, no later than the end of 2030.","At the same time, high-risk use cases should be transitioned to PQC as soon as possible, no later than the end of 2030.","Executive Summary, Page 2",https://ec.europa.eu/newsroom/dae/redirection/document/117507,medium,mlx-community/Qwen3.6-27B-8bit,2026-08-31,active,,
EU-NIS-CG-Roadmap-v1.1,EU NIS Cooperation Group — Coordinated Implementation Roadmap for PQC Transition v1.1,Compliance Frameworks,International Frameworks,lifecycle,2,all,Complete the PQC transition for as many systems as practically feasible by 2035.,"By 2035, the transition should be completed for as many systems as practically feasible.","Executive Summary, Page 2",https://ec.europa.eu/newsroom/dae/redirection/document/117507,medium,mlx-community/Qwen3.6-27B-8bit,2026-08-31,active,,
EU-NIS-CG-Roadmap-v1.1,EU NIS Cooperation Group — Coordinated Implementation Roadmap for PQC Transition v1.1,Compliance Frameworks,International Frameworks,lifecycle,2,all,Enable quantum-safe upgrades by default during the transition phase.,"Furthermore, quantum-safe upgrades should then be enabled by default and the PQC transition plans should be refined...","Executive Summary, Page 2",https://ec.europa.eu/newsroom/dae/redirection/document/117507,medium,mlx-community/Qwen3.6-27B-8bit,2026-08-31,active,,
EU-NIS-CG-Roadmap-v1.1,EU NIS Cooperation Group — Coordinated Implementation Roadmap for PQC Transition v1.1,Compliance Frameworks,International Frameworks,lifecycle,2,all,"Use standardized and tested hybrid solutions when migrating to post-quantum cryptographic solutions, whenever feasible.","When migrating to post-quantum cryptographic solutions, it is recommended to use standardised and tested hybrid solutions, whenever feasible and suitable.","Executive Summary, Page 2",https://ec.europa.eu/newsroom/dae/redirection/document/117507,medium,mlx-community/Qwen3.6-27B-8bit,2026-08-31,active,,
EU-NIS-CG-Roadmap-v1.1,EU NIS Cooperation Group — Coordinated Implementation Roadmap for PQC Transition v1.1,Compliance Frameworks,International Frameworks,inventory,2,all,Maintain a structured overview of cryptographic assets to support the PQC transition.,cryptographic inventory: A structured overview of cryptographic assets.,"Section 3.2 Definitions, Page 5",https://ec.europa.eu/newsroom/dae/redirection/document/117507,medium,mlx-community/Qwen3.6-27B-8bit,2026-08-31,active,,
Post-Quantum-Credential-Binding-for-x402-Agentic-Payment-Aut,Post-Quantum Credential Binding for x402 Agentic Payment Authorization,Technical Standards,Digital Signature,inventory,2,keys,Maintain a trusted-key registry for issuers to verify public key hashes against credential envelopes before signature verification.,The gateway MUST verify that the [hash] in the envelope matches the [hash] of the issuer's public key in its trusted-key registry before proceeding to signature verification.,Section 2.2,https://datatracker.ietf.org/doc/draft-hopley-x402-pqc-credential-binding/,high,mlx-community/Qwen3.6-27B-8bit,2026-08-31,active,,
Post-Quantum-Credential-Binding-for-x402-Agentic-Payment-Aut,Post-Quantum Credential Binding for x402 Agentic Payment Authorization,Technical Standards,Digital Signature,lifecycle,2,keys,Rotate Falcon-1024 signing keys at least annually to manage key lifecycle and support versioning via the key_id field.,Issuers SHOULD rotate Falcon-1024 keys at least annually. The key_id field allows gateways to maintain a key registry and identify credentials by key version without revoking the full issuer DID.,Section 7.4,https://datatracker.ietf.org/doc/draft-hopley-x402-pqc-credential-binding/,high,mlx-community/Qwen3.6-27B-8bit,2026-08-31,active,,
Post-Quantum-Credential-Binding-for-x402-Agentic-Payment-Aut,Post-Quantum Credential Binding for x402 Agentic Payment Authorization,Technical Standards,Digital Signature,observability,2,software,"Track issued session token nonces to detect and reject replayed tokens, ensuring real-time detection of unauthorized reuse.",Gateways MUST track issued [nonce] values and reject replayed tokens.,Section 7.3,https://datatracker.ietf.org/doc/draft-hopley-x402-pqc-credential-binding/,high,mlx-community/Qwen3.6-27B-8bit,2026-08-31,active,,
Post-Quantum-Credential-Binding-for-x402-Agentic-Payment-Aut,Post-Quantum Credential Binding for x402 Agentic Payment Authorization,Technical Standards,Digital Signature,observability,2,software,Track cumulative spend per agent in-process and reject requests when the limit is exceeded to enforce policy constraints.,"The gateway tracks cumulative spend per [agent_id] in-process... If [spend] > [limit], the gateway MUST reject the request with HTTP 402.",Section 5.1,https://datatracker.ietf.org/doc/draft-hopley-x402-pqc-credential-binding/,high,mlx-community/Qwen3.6-27B-8bit,2026-08-31,active,,
Cross-Issuer-ZKP-Federation-for-Post-Quantum-Agentic-Payment,Cross-Issuer ZKP Federation for Post-Quantum Agentic Payment Credentials,Technical Standards,Protocols,governance,2,keys,Maintain a registry of trusted issuer public keys and reject credentials from issuers not explicitly listed in this registry.,The validator MUST NOT accept credentials from issuers not in its registry. This is the sole trust boundary: the validator trusts specific issuer keys...,Section 4,https://datatracker.ietf.org/doc/draft-hopley-x402-federation-zkp/,high,mlx-community/Qwen3.6-27B-8bit,2026-08-31,active,,
Cross-Issuer-ZKP-Federation-for-Post-Quantum-Agentic-Payment,Cross-Issuer ZKP Federation for Post-Quantum Agentic Payment Credentials,Technical Standards,Protocols,lifecycle,2,keys,Rotate the validator's HMAC signing key regularly and revoke outstanding tokens by advancing the token's version upon rotation.,Operators SHOULD rotate the validator key regularly and revoke outstanding tokens on rotation by advancing the token's version.,Section 7.6,https://datatracker.ietf.org/doc/draft-hopley-x402-federation-zkp/,high,mlx-community/Qwen3.6-27B-8bit,2026-08-31,active,,
Cross-Issuer-ZKP-Federation-for-Post-Quantum-Agentic-Payment,Cross-Issuer ZKP Federation for Post-Quantum Agentic Payment Credentials,Technical Standards,Protocols,governance,2,software,Configure the validator to enforce issuer-DID uniqueness if distinct issuers are required for cross-issuer composition.,Operators that require distinct issuers SHOULD enforce issuer-DID uniqueness in the validator configuration.,Section 8.3,https://datatracker.ietf.org/doc/draft-hopley-x402-federation-zkp/,high,mlx-community/Qwen3.6-27B-8bit,2026-08-31,active,,
Cross-Issuer-ZKP-Federation-for-Post-Quantum-Agentic-Payment,Cross-Issuer ZKP Federation for Post-Quantum Agentic Payment Credentials,Technical Standards,Protocols,governance,2,software,Configure the validator to require cross-issuer evidence (min_issuers > 1) to demonstrate cross-issuer composition capabilities.,Operators SHOULD configure min_issuers to require cross-issuer evidence. A value of 1 provides single-issuer mode...,Section 8.2,https://datatracker.ietf.org/doc/draft-hopley-x402-federation-zkp/,high,mlx-community/Qwen3.6-27B-8bit,2026-08-31,active,,
Cross-Issuer-ZKP-Federation-for-Post-Quantum-Agentic-Payment,Cross-Issuer ZKP Federation for Post-Quantum Agentic Payment Credentials,Technical Standards,Protocols,assurance,2,software,Configure the validator to perform full cryptographic range proof verification via the ATB ZKP service if structural validation is insufficient.,Operators requiring cryptographic range proof verification SHOULD configure enable_zkp_verification and the ATB_ZKP_SERVICE_URL environment variable.,Section 8.4,https://datatracker.ietf.org/doc/draft-hopley-x402-federation-zkp/,high,mlx-community/Qwen3.6-27B-8bit,2026-08-31,active,,
Cross-Issuer-ZKP-Federation-for-Post-Quantum-Agentic-Payment,Cross-Issuer ZKP Federation for Post-Quantum Agentic Payment Credentials,Technical Standards,Protocols,governance,2,keys,Share the validator's HMAC secret across all instances via a secrets manager rather than using per-instance secrets.,"In multi-instance deployments the secret MUST be shared across instances (e.g. via a secrets manager), not per-instance.",Section 8.1,https://datatracker.ietf.org/doc/draft-hopley-x402-federation-zkp/,high,mlx-community/Qwen3.6-27B-8bit,2026-08-31,active,,
