industry,use_case_id,use_case_label,use_case_icon,protocols_current,protocols_target,pqc_claim_basis,classical_mechanisms,pqc_mechanisms,migration_status,summary,related_standards,main_source,source_url,trusted_source_id,local_file,peer_reviewed,vetting_body,confidence_score,last_verified,status,deprecated_at,deprecated_reason,learn_module_id,playground_tools,mechanism_refs,no_protocol_reason,source_library_ref,source_citation_type,migrate_product_refs,fips_140,fips_140_level,common_criteria,common_criteria_profile,common_criteria_scheme,pci_certification,pci_certification_program,national_certification,national_certification_scheme,hsm_certification_logic,hsm_certification_refs,certification_future,certification_future_date,certification_future_refs
Aerospace / Aviation,aero-avionics-pki,Avionics & flight-system authentication,Cpu,x509,x509,standardised,RSA;ECDSA,ML-DSA,none,"Aircraft avionics rely on RSA/ECDSA PKI (ARINC 664 networks, flight management systems) with 30–40-year service lives and no practical mid-life crypto retrofit path (RTCA DO-326A/DO-356A airworthiness security processes).",,ICAO Assembly Resolution A41-19,https://www.icao.int/sites/default/files/sp-files/aviationcybersecurity/Documents/A41-19.pdf,icao,threats/AERO-003.pdf,no,ICAO,0.85,2026-07-29,active,,,aerospace-pqc,pki-workshop;hybrid-certs;cert-capacity,RFC 5280;RFC 9881,,ICAO-Assembly-Resolution-A41-19-Aviation-Cybersecurity,driver,,none,,none,,,none,,none,,,ICAO-Assembly-Resolution-A41-19-Aviation-Cybersecurity;EU-2023-203-Part-IS,,,
Aerospace / Aviation,aero-satcom,Satellite communications & ground links,Satellite,ike-ipsec;tls-1-3,ike-ipsec;tls-1-3,standardised,RSA;ECDSA;ECDH,ML-KEM;ML-DSA,pilot,Military and commercial satellite uplinks/downlinks use RSA/ECDSA with 15–25-year operational lifespans; NSA CNSA 2.0 mandates quantum-resistant algorithms for national-security space systems by 2033.,CNSA-2.0,NSA CNSA 2.0 Cybersecurity Advisory,https://media.defense.gov/2025/May/30/2003728741/-1/-1/0/CSA_CNSA_2.0_ALGORITHMS.PDF,nsa-media,threats/AERO-002.pdf,yes,ISO,0.85,2026-07-29,active,,,aerospace-pqc,vpn-sim;tls-simulator;openssl-studio,IETF RFC 7296;draft-ietf-ipsecme-ikev2-pqc-auth-08;RFC 8784;draft-ietf-tls-ecdhe-mlkem-05,,NSA CNSA 2.0,technical,,mandated,140-3 L3,mandated,NIAP-approved PPs carrying CNSA 2.0 algorithms (none named by CNSSP-11),NIAP,none,,mandated,"NSA CNSA 2.0 / CNSSP 11 / CNSSP 15 -- NSA approval, not FIPS validation, is the actual NSS acceptance test",all-of,NSA CNSA 2.0;NSA CNSA 2.0 FAQ;NIST SP 800-208,,,
Aerospace / Aviation,aero-atc-datalink,Air-traffic control data links (ADS-B/ACARS),Radio,,,proposed,ECDSA;ECDH,ML-KEM,none,ADS-B broadcasts are unauthenticated and ACARS messaging uses legacy RSA-based protection; ICAO Assembly Resolution A41-19 frames the aviation cybersecurity obligations these links fall under.,,ICAO Assembly Resolution A41-19,https://www.icao.int/sites/default/files/sp-files/aviationcybersecurity/Documents/A41-19.pdf,icao,threats/AERO-003.pdf,no,ICAO,0.85,2026-08-13,active,,,aerospace-pqc,cert-capacity,IACR-2024-046-Aviation-Quantum-Secure,"ADS-B broadcasts are unauthenticated and ACARS message security is specified in ARINC 823, which is not an IETF/consortium protocol tracked by the matrix.",ICAO-Assembly-Resolution-A41-19-Aviation-Cybersecurity,driver,,none,,none,,,none,,none,,,ICAO-Assembly-Resolution-A41-19-Aviation-Cybersecurity;IACR-2024-046-Aviation-Quantum-Secure,,,
Automotive / Connected Vehicles,auto-v2x,V2X message signing (IEEE 1609.2),Antenna,x509,x509,standardised,ECDSA,ML-DSA,draft,Vehicle-to-everything messages are signed with ECDSA P-256 under IEEE 1609.2 certificate hierarchies; a PQC amendment for V2X is in progress while ISO/SAE 21434 governs the vehicle cybersecurity lifecycle.,,ISO/SAE 21434 Road Vehicle Cybersecurity,https://www.iso.org/standard/70918.html,iso-iec-sc27,threats/AUTO-001.html,yes,ISO,0.85,2026-07-29,active,,,automotive-pqc,pki-workshop;cert-capacity;hybrid-certs,RFC 9881,,,,,mandated,140-3 L3,mandated,BSI-CC-PP-0114-2021 V2X HSM,SOG-IS / BSI,none,,none,,any-of,UNECE-WP29-R155;C-ITS-Certificate-Policy-Release-3.0;BSI-CC-PP-0114-V2X-HSM;SCMS-Manager-EE-Requirements-v1-00,,,
Automotive / Connected Vehicles,auto-secure-boot,ECU secure boot & OTA update signing,ShieldCheck,uefi,uefi,standardised,RSA;ECDSA,ML-DSA;LMS,draft,ECU firmware verification and over-the-air update signing chains use RSA/ECDSA today; hash-based (LMS) and ML-DSA signing are the candidate replacements for long-lived vehicle platforms whose cybersecurity lifecycle ISO/SAE 21434 governs.,,ISO/SAE 21434 Road Vehicle Cybersecurity,https://www.iso.org/standard/70918.html,iso-iec-sc27,threats/AUTO-001.html,yes,ISO,0.85,2026-08-13,active,,,automotive-pqc,firmware-signing;lms-hss;sbx-firmware-hss,UEFI-SPEC-2.10-SecureBoot;NIST SP 800-208;FIPS 204,,,,,none,,none,,,none,,none,,,UNECE-WP29-R155;UNECE-R156;NIST SP 800-208,,,
Automotive / Connected Vehicles,auto-telematics,Telematics & connected-car cloud APIs,Smartphone,tls-1-3;tls-1-2,tls-1-3,adopted,RSA;ECDSA;ECDH;X25519,ML-KEM,production,Connected-car telematics and OTA delivery ride on TLS where hybrid ML-KEM key establishment is already deployable; UNECE R155/R156 make cybersecurity and software-update management type-approval requirements.,,UNECE WP.29 Regulations R155/R156,https://eur-lex.europa.eu/legal-content/EN/TXT/?uri=CELEX%3A42021X0387,unece,threats/AUTO-003.html,no,,0.85,2026-07-29,active,,,automotive-pqc,tls-simulator;openssl-studio;sbx-tls,RFC-9846-The-Transport-Layer-Security-TLS-Protocol-Version-1;draft-ietf-tls-ecdhe-mlkem-05,,UNECE-WP29-R155,driver,,none,,none,,,none,,none,,,UNECE-WP29-R155;EU-CRA-REG-2024-2847,,,
Automotive / Connected Vehicles,auto-invehicle,In-vehicle networks & HSM key storage,Cpu,macsec,macsec,none,ECDH;ECDSA,,none,"In-vehicle Ethernet security, CAN authentication, and general automotive HSM key storage rely on classical ECC with no deployed PQC path yet, and no cryptographic-module certification is mandated for this general case -- searched directly, not assumed. (Digital tachograph components carry a real, narrower Common Criteria mandate: see auto-tachograph.)",,ISO/SAE 21434 Road Vehicle Cybersecurity,https://www.iso.org/standard/70918.html,iso-iec-sc27,threats/AUTO-004.html,yes,ISO,0.85,2026-08-13,active,,,automotive-pqc,kdf-derivation;hsm-capacity,AUTOSAR-CP-SWS-CryptoDriver-R23-11,,,,,none,,none,,,none,,none,,,,,,
Cloud Computing / Data Centers,cloud-kms,Cloud KMS / BYOK key wrapping,KeyRound,kmip;pkcs11,kmip;pkcs11,standardised,RSA;ECDH,ML-KEM,production,"Cloud key-management services, BYOK/HYOK import, and secrets management wrap keys under RSA/ECDH; ML-KEM-based wrapping has moved past pilot stage — AWS KMS, Certificate Manager, and Secrets Manager now support ML-KEM hybrid post-quantum key agreement (hybridized with X25519) generally available in all AWS Regions, alongside PKCS#11 v3.2 and KMIP profile work elsewhere in the ecosystem.",KMIP-2.1,Cloud Security Alliance — A Practitioner's Guide to Post-Quantum Cryptography,https://cloudsecurityalliance.org/artifacts/a-practitioners-guide-to-post-quantum-cryptography,csa-cloud,threats/CLOUD-002.html,no,Cloud Security Alliance,0.85,2026-08-13,active,,,kms-pqc,envelope-encrypt;cacp-kmip;sbx-cloud-kms,KMIP-V2-1-OASIS;FIPS 203;AWS-Security-Blog-ML-KEM-Post-Quantum-TLS-in-KMS-ACM-Secrets,,CSA-PQC-Guide-2025,technical,,mandated,140-3 L3,mandated,applicable NIAP Protection Profiles (not named by the SRG),NIAP,none,,none,,all-of,DoD-Cloud-Service-Provider-SRG-V1R7,,,
Cloud Computing / Data Centers,cloud-tenant-tls,Tenant-facing TLS & API endpoints,Globe,tls-1-3,tls-1-3,adopted,RSA;ECDSA;ECDH;X25519,ML-KEM,production,"Hyperscaler front doors terminate TLS for tenant workloads; hybrid X25519+ML-KEM key establishment is in production across major clouds, and NIST IR 8547 frames the federal transition expectations.",NIST-IR-8547,NIST IR 8547 / NIST SP 800-210,https://nvlpubs.nist.gov/nistpubs/ir/2024/NIST.IR.8547.ipd.pdf,nist-csrc,threats/CLOUD-003.pdf,yes,NIST,0.85,2026-07-29,active,,,kms-pqc,tls-simulator;sbx-tls;sbx-browser-tls,RFC-9846-The-Transport-Layer-Security-TLS-Protocol-Version-1;draft-ietf-tls-ecdhe-mlkem-05,,NIST IR 8547,driver,,mandated,not-specified,none,,,none,,none,,all-of,DoD-Cloud-Service-Provider-SRG-V1R7,,,
Cloud Computing / Data Centers,cloud-hsm-roots,Cloud HSM root keys & FIPS modules,Server,pkcs11,pkcs11,standardised,RSA;ECDSA,ML-KEM;ML-DSA,production,"Cloud HSM root keys, tenant isolation keys, and FIPS 140-3 module boundaries anchor on RSA/ECDSA; PQC key types have reached general availability in validated modules — Google Cloud KMS now offers GA quantum-safe digital signatures (ML-DSA-44/65/87, SLH-DSA-SHA2-128s) and ML-KEM key encapsulation, alongside NIST SP 800-210's cloud access-control expectations.",,NIST SP 800-210 Cloud Access Control,https://nvlpubs.nist.gov/nistpubs/SpecialPublications/NIST.SP.800-210.pdf,nist-csrc,threats/CLOUD-004.pdf,yes,NIST,0.85,2026-07-29,active,,,kms-pqc,hsm-capacity;token-migration;sbx-hsm-perf-bench,PKCS11-V32-OS-OASIS;Google-Cloud-Blog-Quantum-Safe-Digital-Signatures-in-Cloud-K,,NIST-SP-800-210-General-Access-Control-Guidance-for-Cloud-Sy,technical,,mandated,140-3 L3,mandated,applicable NIAP Protection Profiles (not named by the SRG),NIAP,none,,none,,all-of,DoD-Cloud-Service-Provider-SRG-V1R7,,,
Cloud Computing / Data Centers,cloud-backup,Backup & disaster-recovery encryption,Database,tls-1-2,tls-1-3,standardised,RSA;ECDH,ML-KEM,none,"Backup key wrapping, archival storage TLS, and cross-region replication carry harvest-now-decrypt-later exposure because archived ciphertext outlives the classical keys protecting it.",,Cloud Security Alliance — A Practitioner's Guide to Post-Quantum Cryptography,https://cloudsecurityalliance.org/artifacts/a-practitioners-guide-to-post-quantum-cryptography,csa-cloud,threats/CLOUD-001.html,no,Cloud Security Alliance,0.85,2026-08-13,active,,,kms-pqc,envelope-encrypt;sbx-sops,RFC 9151;FIPS 203,,CSA-PQC-Guide-2025,technical,,mandated,not-specified,none,,,none,,none,,all-of,DoD-Cloud-Service-Provider-SRG-V1R7,,,
Critical Infrastructure / Energy,energy-scada,SCADA & substation automation (IEC 61850/62351),Factory,tls-1-2,tls-1-3,none,RSA;ECDSA;ECDH,,none,"Power-system communications secured per IEC 62351 (RSA-based SCADA authentication, ECDSA in IEC 61850 GOOSE/MMS, DNP3 Secure Authentication) have no standardized PQC profile yet.",,IEC 62351-3/-5/-9 (Power Systems Security),https://webstore.iec.ch/publication/6912,iec,threats/ENERGY-001.html,no,,0.85,2026-08-13,active,,,energy-utilities-pqc,tls-simulator;openssl-studio,RFC 9151,,,,,de-facto,140-3 L1,none,,,none,,mandated,China SCA/OSCCA commercial cryptography product certification (Cryptography Law Art.26 -- China-market modules only),all-of,NERC-CIP-005-7;China-Cryptography-Law-2019-NPC,,,
Critical Infrastructure / Energy,energy-nuclear,Nuclear I&C and safeguards data,ShieldAlert,,,none,RSA;ECDSA,,none,Nuclear safety-system digital I&C and safeguards data encryption fall under NRC 10 CFR 73.54 cybersecurity requirements; the cryptography is classical and long-lived.,,NRC Cybersecurity Requirements (10 CFR 73.54),https://www.ecfr.gov/current/title-10/chapter-I/part-73/section-73.54,nrc,threats/ENERGY-002.html,no,,0.85,2026-08-13,active,,,energy-utilities-pqc,,arXiv-2602-21524-Quantum-Attacks-Nuclear,"Nuclear safety-system digital I&C runs on air-gapped, vendor-proprietary buses; no standardised network protocol in the matrix applies.",10-CFR-73-54-Protection-of-Digital-Computer-and-Communicatio,driver,,de-facto,not-specified,none,,,none,,mandated,China SCA/OSCCA commercial cryptography product certification (Cryptography Law Art.26 -- China-market modules only),all-of,China-Cryptography-Law-2019-NPC,,,
Critical Infrastructure / Energy,energy-ami,Smart metering / AMI PKI,Gauge,x509,x509,none,RSA;ECDSA;ECDH,,none,"Advanced metering infrastructure meshes, smart-meter PKI, and PMU authentication use device certificates that must survive multi-decade field deployments.",,University of Toronto Smart Grid Security Research,https://www.utoronto.ca/news/u-t-researcher-leads-effort-protect-power-utilities-quantum-attacks,gri,threats/ENERGY-003.html,no,,0.85,2026-08-17,active,,,energy-utilities-pqc,pki-workshop;pki-enrollment;cert-capacity,RFC 5280;RFC 9881;draft-ietf-lamps-pq-composite-kem-19,,University-of-Toronto-Researcher-Leads-Effort-to-Protect-Pow,driver,,de-facto,140-3 L2,none,,,none,,mandated,China SCA/OSCCA commercial cryptography product certification (Cryptography Law Art.26 -- China-market modules only),all-of,University-of-Toronto-Researcher-Leads-Effort-to-Protect-Pow;China-Cryptography-Law-2019-NPC,,,
Critical Infrastructure / Energy,energy-pipeline,Pipeline & OT remote-access VPNs,Cable,ike-ipsec,ike-ipsec,in-progress,RSA;ECDH,ML-KEM,pilot,Pipeline monitoring and OT remote access ride IPsec/IKEv2 VPNs where post-quantum key mixing (RFC 8784) and multiple key exchanges (RFC 9370) are already standardized.,,IEC 62443 Industrial Automation Security,https://www.isa.org/standards-and-publications/isa-standards/isa-iec-62443-series-of-standards,iec,threats/ENERGY-004.html,no,,0.85,2026-07-29,active,,,energy-utilities-pqc,vpn-sim;sbx-vpn,IETF RFC 7296;RFC 8784;draft-wang-ipsecme-kem-auth-ikev2-03,,IEC 62443,driver,,none,,none,,,none,,mandated,China SCA/OSCCA commercial cryptography product certification (Cryptography Law Art.26 -- China-market modules only),all-of,China-Cryptography-Law-2019-NPC,,,
Cross-Industry,cross-web-tls,Web & API TLS everywhere,Globe,tls-1-3;tls-1-2,tls-1-3,adopted,RSA;ECDSA;ECDH;X25519,ML-KEM,production,"TLS is the universal transport protection for web and API traffic in every sector; hybrid X25519+ML-KEM key establishment is deployed at internet scale, and NIST IR 8547 sets the classical deprecation trajectory.",RFC-8446;FIPS-203;NIST-IR-8547,"NIST IR 8547 (IPD, Nov 2024)",https://nvlpubs.nist.gov/nistpubs/ir/2024/NIST.IR.8547.ipd.pdf,nist-csrc,threats/CROSS-002.pdf,yes,NIST,0.85,2026-07-29,active,,,,tls-simulator;sbx-tls;sbx-browser-tls;sbx-ab-handshake-bench,RFC-9846-The-Transport-Layer-Security-TLS-Protocol-Version-1;draft-ietf-tls-ecdhe-mlkem-05,,NIST IR 8547,driver,,none,,none,,,none,,none,,all-of,CABF-TLS-BR-v2-2-9;PCI-DSS-v4-0-1-Requirements-and-Testing-Procedures,,,
Cross-Industry,cross-pki,Enterprise PKI & X.509 certificates,KeyRound,x509;est-cmp,x509;est-cmp,standardised,RSA;ECDSA,ML-DSA;SLH-DSA,draft,"X.509 certificate hierarchies (roots, intermediates, issuance protocols) run on RSA/ECDSA; ML-DSA and SLH-DSA certificate profiles are advancing through IETF LAMPS.",RFC-5280;FIPS-204;FIPS-205,"NIST IR 8547 (IPD, Nov 2024)",https://nvlpubs.nist.gov/nistpubs/ir/2024/NIST.IR.8547.ipd.pdf,nist-csrc,threats/CROSS-002.pdf,yes,NIST,0.85,2026-07-29,active,,,,pki-workshop;pki-enrollment;hybrid-certs;sbx-pki,RFC 5280;RFC 9881;RFC-9909,,NIST IR 8547,driver,,mandated,140-3 L3,mandated,"not specified (""an appropriate Common Criteria Protection Profile or Security Target"")",not specified,none,,none,,any-of,CABF-TLS-BR-v2-2-9;CABF-SMIME-BR-v1-0-15;CABF-Code-Signing-BR-v3-11,,,
Cross-Industry,cross-email,Email security (S/MIME),Mail,smime,smime,standardised,RSA;ECDSA;ECDH,ML-KEM;ML-DSA,draft,S/MIME signing and encryption use RSA/ECC via CMS; KEM-based CMS (RFC 9629) and composite ML-KEM/ML-DSA drafts define the migration path.,RFC-8551,"NIST IR 8547 (IPD, Nov 2024)",https://nvlpubs.nist.gov/nistpubs/ir/2024/NIST.IR.8547.ipd.pdf,nist-csrc,threats/CROSS-002.pdf,yes,NIST,0.85,2026-07-29,active,,,,email-signing;sbx-smime,RFC 8551;RFC-9936;RFC 9882,,NIST IR 8547,driver,,mandated,140-3 L3,mandated,"not specified (""an appropriate Common Criteria Protection Profile or Security Target"")",not specified,none,,none,,any-of,CABF-SMIME-BR-v1-0-15,,,
Cross-Industry,cross-code-signing,Software & code signing,FileSignature,sigstore,sigstore,proposed,RSA;ECDSA,ML-DSA;SLH-DSA;LMS,pilot,"Code-signing roots, transparency logs, and firmware signing use RSA/ECDSA; hash-based signatures (LMS/SLH-DSA) and ML-DSA are the standardized replacements, with supply-chain frameworks (SLSA) raising the integrity bar.",FIPS-204;FIPS-205,SLSA Supply Chain Security Framework (OpenSSF),https://slsa.dev/spec/v1.0/levels,openssf,threats/IT-004.html,no,,0.85,2026-07-29,active,,,,firmware-signing;slh-dsa;lms-hss;sbx-osslsigncode,RFC 9882;NIST SP 800-208,,SLSA-Specification-v1.1,driver,,mandated,140-3 L3,mandated,"not specified (""an appropriate Common Criteria Protection Profile or Security Target"")",not specified,none,,none,,any-of,CABF-Code-Signing-BR-v3-11,,,
Cross-Industry,cross-vpn,Remote-access & site-to-site VPN,Shield,ike-ipsec;wireguard,ike-ipsec;wireguard,in-progress,RSA;ECDH;X25519,ML-KEM,pilot,"Enterprise VPNs (IPsec/IKEv2, WireGuard) depend on classical key exchange; NIST SP 800-227 sets KEM usage recommendations and IKEv2 already has standardized post-quantum extensions.",NIST-SP-800-227;RFC-9370,NIST SP 800-227 Recommendations for KEMs,https://csrc.nist.gov/pubs/sp/800/227/final,nist-csrc,threats/CROSS-008.pdf,yes,NIST,0.85,2026-07-29,active,,,,vpn-sim;sbx-vpn,IETF RFC 7296;RFC 8784;RFC 9370;Rosenpass-Protocol,,NIST SP 800-227,technical,,none,,none,,,none,,none,,all-of,NIST SP 800-227;CNSSP-11-IA-Product-Acquisition-Policy,,,
Cryptocurrency / Blockchain,crypto-tx-signing,Transaction signing (secp256k1),Bitcoin,,,none,ECDSA,,none,Bitcoin and most chains sign transactions with secp256k1 ECDSA; P2PK outputs and any address whose public key is revealed on first spend are directly quantum-exposed.,,Federal Reserve HNDL Paper,https://www.federalreserve.gov/econres/feds/harvest-now-decrypt-later-examining-post-quantum-cryptography-and-the-data-privacy-risks-for-distributed-ledger-networks.htm,federal-reserve,threats/CRYPTO-001.html,no,,0.85,2026-07-29,active,,,digital-assets,bitcoin-flow;hybrid-sigs,SEC2-v2,"Transaction signing is chain-specific (secp256k1 ECDSA in Bitcoin script), not a standardised network protocol.",FRB-FEDS-2025093-Blockchain-PQC,driver,,none,,none,,,none,,none,,,FRB-FEDS-2025093-Blockchain-PQC,,,
Cryptocurrency / Blockchain,crypto-custody,Exchange & custody key management,Wallet,pkcs11;kmip,pkcs11;kmip,standardised,ECDSA;RSA;ECDH,ML-KEM,none,Institutional custody stacks keep secp256k1 keys in HSMs with RSA/ECDH key wrapping; the Federal Reserve's HNDL analysis covers the RSA/ECDSA/ECDH exposure across blockchain infrastructure.,,Federal Reserve Board FEDS Paper September 2025,https://www.federalreserve.gov/econres/feds/harvest-now-decrypt-later-examining-post-quantum-cryptography-and-the-data-privacy-risks-for-distributed-ledger-networks.htm,federal-reserve,threats/CRYPTO-003.html,no,,0.85,2026-07-29,active,,,digital-assets,hd-wallet;hsm-capacity;cacp-kmip,PKCS11-V32-OS-OASIS,,FRB-FEDS-2025093-Blockchain-PQC,driver,,none,,none,,,none,,de-facto,No named scheme -- HK SFC VATP Guidelines SS10.8(a) require an HSM 'with appropriate certification'; Dubai VARA T&I Rulebook; MAS TRM SS10.2.4,all-of,MICA-REG-2023-1114;DORA-REG-2022-2554;MAS-CIRCULAR-IT-RISK;NY-DFS-23-NYCRR-500-A2;SFC-VATP-Guidelines,,,
Cryptocurrency / Blockchain,crypto-consensus,Validator & consensus signatures,Network,,,proposed,ECDSA,ML-DSA,none,"Proof-of-stake consensus and account abstraction roadmaps (Ethereum) contemplate post-quantum signature migration, but BLS/ECDSA remain in production today.",,Ethereum Foundation roadmap (account abstraction track),https://ethereum.org/roadmap/account-abstraction/,eth-foundation,threats/CRYPTO-002.html,no,,0.85,2026-08-13,active,,,digital-assets,solana-flow;hybrid-sigs,BIP-340;FIPS 204,"Consensus and account-abstraction designs are chain-specific protocol layers, not standardised network protocols.",Ethereum-Foundation-Roadmap-Account-Abstraction,driver,,none,,none,,,none,,none,,,Ethereum-Foundation-Roadmap-Account-Abstraction,,,
Education / Research,edu-sis,Student information systems & LMS,BookOpen,tls-1-3,tls-1-3,adopted,RSA;ECDSA;ECDH,ML-KEM,production,Student records protected under FERPA ride TLS between SIS/LMS platforms and browsers; hybrid key establishment is available wherever the platform's TLS stack is current.,,FERPA / US Department of Education,https://studentprivacy.ed.gov/ferpa,us-doe-ed,threats/EDU-001.html,no,,0.85,2026-07-29,active,,,research-quantum-impact,tls-simulator;sbx-tls,RFC-9846-The-Transport-Layer-Security-TLS-Protocol-Version-1;draft-ietf-tls-ecdhe-mlkem-05,,FERPA-34-CFR-99,driver,,none,,none,,,none,,none,,all-of,FERPA-34-CFR-99,,,
Education / Research,edu-federation,Identity federation (SAML/eduroam),Fingerprint,eap-radius;x509,eap-radius;x509,none,RSA;ECDSA,,none,Research-and-education federations sign SAML metadata with RSA-4096 and authenticate eduroam via certificate-based EAP; no PQC profile is deployed in the federation trust fabric yet.,,Internet2 InCommon Federation / Jisc Trust and Identity,https://incommon.org/about,internet2,threats/EDU-002.html,no,,0.85,2026-07-29,active,,,research-quantum-impact,cert-capacity;pki-workshop,RFC 5280;RFC 9881,,Internet2-InCommon-Federation,driver,,none,,none,,,none,,none,,all-of,Internet2-InCommon-Federation,,,
Education / Research,edu-credentials,Digital diplomas & verifiable credentials,Award,jose;cose,jose;cose,standardised,ECDSA;RSA,ML-DSA,draft,W3C Verifiable Credentials envelope academic credentials in JOSE/COSE signatures (ECDSA/EdDSA/RSA-PSS); PQ/T composite signature drafts for JOSE/COSE define the upgrade path.,OpenID4VCI,W3C Verifiable Credentials Data Model 2.0,https://www.w3.org/TR/vc-data-model-2.0/,w3c,threats/EDU-003.html,no,,0.85,2026-07-29,active,,,research-quantum-impact,api-security-jwt;digital-id,RFC 7515;draft-ietf-jose-pqc-kem,,W3C-Verifiable-Credentials-Data-Model-v2-0,technical,,none,,none,,,none,,none,,all-of,W3C-Verifiable-Credentials-Data-Model-v2-0,,,
Education / Research,edu-research-data,Research data protection (CUI),FlaskConical,tls-1-3;ssh,tls-1-3;ssh,standardised,RSA;ECDSA;ECDH,ML-KEM,pilot,"Controlled unclassified research data falls under NIST SP 800-171 Rev. 3; repositories and HPC access paths (TLS, SSH) already have hybrid PQC options.",,NIST SP 800-171 Rev. 3 — Protecting Controlled Unclassified Information,https://csrc.nist.gov/pubs/sp/800/171/r3/final,nist-csrc,threats/EDU-004.pdf,yes,NIST,0.85,2026-07-29,active,,,research-quantum-impact,pqc-ssh-sim;sbx-ssh;tls-simulator,RFC-9846-The-Transport-Layer-Security-TLS-Protocol-Version-1;draft-ietf-tls-ecdhe-mlkem-05,,NIST-SP-800-171-Rev-3-Protecting-Controlled-Unclassified-Inf,driver,,mandated,not-specified,none,,,none,,none,,all-of,CMMC-L2-Assessment-Guide;DFARS-252.204-7012;NIST-SP-800-171-Rev-3-Protecting-Controlled-Unclassified-Inf,,,
Finance & Banking,fin-interbank,Interbank payments & settlement (SWIFT/RTGS),Banknote,x509;tls-1-2,x509;tls-1-3,standardised,RSA;ECDSA,ML-DSA,pilot,"SWIFTNet PKI, Fedwire, and Eurosystem T2 settlement authenticate with RSA certificates; BIS Project Leap Phase 2 (with Swift, Bank of Italy, Banque de France, Deutsche Bundesbank, and Nexi-Colt as network partners) replaced the RSA-signed Business Application Header (BAH) in ISO 20022 payment messages with CRYSTALS-Dilithium (the tested predecessor of ML-DSA) at NIST security category 3, demonstrated end-to-end in the T2 real-time gross settlement system.",,Bank for International Settlements Project Leap Phase 2,https://www.bis.org/publ/othp107.htm,bis,threats/FIN-001.html,no,,0.85,2026-07-29,active,,,emv-payment-pqc,pki-workshop;tls-simulator;hybrid-certs,RFC 5280;RFC 9881,,BIS-OTHP107,technical,,de-facto,140-3 L3,none,,,none,,none,,all-of,Swift-Customer-Security-Controls-Framework-CSCF-v2026;SWIFT-Qualified-Certificates-Certificate-Policy,,,
Finance & Banking,fin-customer,Digital banking channels,Smartphone,tls-1-3,tls-1-3,adopted,RSA;ECDSA;ECDH;X25519,ML-KEM,production,Customer-facing banking apps and portals ride TLS where hybrid ML-KEM is production-ready; FS-ISAC urges coordinated migration timelines across the sector.,,FS-ISAC — The Timeline for Post Quantum Cryptographic Migration,https://www.fsisac.com/newsroom/fs-isac-urges-global-coordination-for-migration-to-post-quantum-cryptography-in-financial-services,fs-isac,threats/FIN-005.html,no,,0.85,2026-07-29,active,,,emv-payment-pqc,tls-simulator;sbx-tls;sbx-browser-tls,RFC-9846-The-Transport-Layer-Security-TLS-Protocol-Version-1;draft-ietf-tls-ecdhe-mlkem-05,,FS-ISAC-PQC-Timeline-2026,driver,,none,,none,,,none,,none,,,,,,
Finance & Banking,fin-hsm,HSM key management & wrapping,KeyRound,pkcs11;kmip,pkcs11;kmip,standardised,RSA;ECDH,ML-KEM,draft,Payment and banking HSAM estates wrap working keys under RSA/ECDH; PCI DSS v4 key-management requirements meet PQC through PKCS#11 v3.2 mechanism support.,,PCI DSS v4.0.1,https://www.middlebury.edu/sites/default/files/2025-01/PCI-DSS-v4_0_1.pdf,pci-ssc,threats/FIN-004.pdf,yes,PCI Security Standards Council,0.85,2026-08-13,active,,,emv-payment-pqc,envelope-encrypt;hsm-capacity;cacp-kmip;sbx-hsm-perf-bench,PKCS11-V32-OS-OASIS;KMIP-V2-1-OASIS,,PCI-DSS-v4-0-1-Requirements-and-Testing-Procedures,technical,,de-facto,140-3 L3,none,,,de-facto,PCI PTS HSM (only where a PCI-scoped function applies),none,,any-of,PCI-PTS-HSM-Modular-Security-Requirements-v4-0,"PCI PTS HSM v5.0 was published 2026-05-18 and adds, per PCI SSC's own announcement, ""support for post-quantum cryptography considerations"" and new definitions covering PQC -- terminology and guidance, not a mandated PQC algorithm or parameter set. v4.0 (the version currently cited) remains usable for NEW device-security approvals until 2027-06-30 per PCI SSC's own bulletin; no v5.0-specific PQC deadline has been published.",2027-06-30,PCI-SSC-Blog-Publishes-PTS-HSM-v5-0;PCI-SSC-Bulletin-PTS-HSM-v4-Extension
Finance & Banking,fin-archives,Long-term records & HNDL exposure,Archive,tls-1-2,tls-1-3,standardised,RSA;ECDH,ML-KEM,none,Archived financial records and recorded transport sessions are harvest-now-decrypt-later targets; the Federal Reserve's HNDL analysis quantifies the exposure window for the sector.,NIST-IR-8547,Federal Reserve Board FEDS Paper September 2025,https://www.federalreserve.gov/econres/feds/harvest-now-decrypt-later-examining-post-quantum-cryptography-and-the-data-privacy-risks-for-distributed-ledger-networks.htm,federal-reserve,threats/FIN-002.html,no,,0.85,2026-08-13,active,,,emv-payment-pqc,envelope-encrypt;sbx-migration-impact,RFC 9151;FIPS 203,,FRB-FEDS-2025093-Blockchain-PQC,driver,,none,,none,,,none,,none,,,,,,
Government & Defense,gov-nss,National security systems (CNSA 2.0),Shield,tls-1-3;ike-ipsec;ssh,tls-1-3;ike-ipsec;ssh,standardised,RSA;ECDSA;ECDH,ML-KEM;ML-DSA;LMS;XMSS,pilot,"NSA CNSA 2.0 mandates ML-KEM-1024, ML-DSA-87, and hash-based firmware signing across national security systems, with non-compliant equipment phased out by the early 2030s.",CNSA-2.0;RFC-8603,NSA CNSA 2.0 Cybersecurity Advisory,https://media.defense.gov/2025/May/30/2003728741/-1/-1/0/CSA_CNSA_2.0_ALGORITHMS.PDF,nsa-media,threats/GOV-001.pdf,yes,ISO,0.85,2026-07-29,active,,,government-defense-pqc,tls-simulator;vpn-sim;pqc-ssh-sim;lms-hss,RFC-9846-The-Transport-Layer-Security-TLS-Protocol-Version-1;draft-ietf-tls-ecdhe-mlkem-05;draft-ietf-tls-mldsa-04;draft-ietf-ipsecme-ikev2-pqc-auth-08;draft-ietf-tls-hybrid-design-16,,NSA CNSA 2.0,technical,,mandated,not-specified,mandated,NIAP-approved Protection Profile (not named by CNSSP-11),NIAP,none,,none,,all-of,CNSSP-11-IA-Product-Acquisition-Policy;NSA CNSA 2.0;NIST SP 800-208,,,
Government & Defense,gov-fpki,Federal PKI & document signing,Landmark,x509;est-cmp,x509;est-cmp,standardised,RSA;ECDSA,ML-DSA,draft,The US Federal PKI issues RSA-2048/4096 and ECDSA P-256/P-384 certificates government-wide; ML-DSA certificate profiles from IETF LAMPS are the designated successors.,RFC-5280;FIPS-204,Federal PKI Policy Authority,https://www.idmanagement.gov/fpki/,fpki,threats/GOV-004.html,no,,0.85,2026-07-29,active,,,government-defense-pqc,pki-workshop;pki-enrollment;sbx-pki,RFC 5280;RFC 9881,,Federal-PKI-Policy-Authority,driver,,mandated,140-3 L3,none,,,none,,none,,all-of,X-509-Certificate-Policy-for-the-U-S-Federal-PKI-Common-Poli;Federal-PKI-Policy-Authority,,,
Government & Defense,gov-classified,Classified communications & NC3,Lock,ike-ipsec,ike-ipsec,in-progress,ECDH;RSA,ML-KEM,pilot,Strategic and classified communication systems depend on public-key key establishment whose compromise horizon is measured in decades — the driving case for CNSA 2.0's timeline.,CNSA-2.0,NSA CNSA 2.0 Cybersecurity Advisory,https://media.defense.gov/2025/May/30/2003728741/-1/-1/0/CSA_CNSA_2.0_ALGORITHMS.PDF,nsa-media,threats/GOV-005.pdf,yes,ISO,0.85,2026-08-13,active,,,government-defense-pqc,vpn-sim;sbx-vpn,RFC 8784;IETF RFC 7296;FIPS 203,,NSA CNSA 2.0,technical,,mandated,not-specified,mandated,NIAP-approved Protection Profile (none named by CNSSP-11),NIAP,none,,none,,all-of,CNSSP-11-IA-Product-Acquisition-Policy;NSA CNSA 2.0;NSA CNSA 2.0 FAQ;CNSSP 15,,,
Government & Defense,gov-procurement,COTS procurement & supply chain,Package,,,standardised,,ML-KEM;ML-DSA;SLH-DSA,draft,"CISA's PQC Product Category List (developed with NSA, per EO 14306) names the three core NIST PQC standards directly: 'Products must support PQC for key establishment and digital signatures' via ML-KEM (FIPS 203), ML-DSA (FIPS 204), and SLH-DSA (FIPS 205). GSA's companion PQC Buyer's Guide translates this into concrete procurement vehicles (SINs/schedules) for federal agencies. Procurement is the enforcement point: vendors must land PQC support in these product categories before agencies can buy them.",,CISA Product Categories for PQC Technologies,https://www.cisa.gov/resources-tools/resources/product-categories-technologies-use-post-quantum-cryptography-standards,cisa,threats/GOV-003.html,no,CISA,0.85,2026-07-29,active,,,government-defense-pqc,sbx-cbom-compliance;sbx-supply-chain-signing;sbx-migration-impact,CISA-PQC-CATEGORY-LIST-2026;GSA-PQC-Buyers-Guide-2025,"Procurement policy is a governance control point, not a wire protocol.",CISA-PQC-CATEGORY-LIST-2026,,,mandated,not-specified,none,,,none,,none,,all-of,CMVP-MGMT-MANUAL;NIST-CMVP-140-2-to-140-3-Transition-Timeline,"EO 14412 SS6(c) directs the FAR Council to publish a PROPOSED RULE (not yet issued) amending the FAR to require covered contractors to comply by 2030-12-31 with NIST's FIPS, ""including all applicable FIPS incorporating PQC compliant algorithms."" Not yet in force -- a directive to propose a rule, not the rule itself.",2030-12-31,EO-2026-06-22-Securing-the-Nation
Healthcare / Pharmaceutical,hlth-ehr,EHR & health-information exchange,Stethoscope,tls-1-3;tls-1-2,tls-1-3,standardised,RSA;ECDSA;ECDH,ML-KEM,pilot,Electronic health records and HIE transport are protected under the HIPAA Security Rule's encryption specifications; patient data's decades-long sensitivity makes HNDL a first-order risk.,,HHS HIPAA Security Rule,https://www.ecfr.gov/current/title-45/subtitle-A/subchapter-C/part-164/subpart-C,hhs,threats/HLTH-001.html,no,,0.85,2026-07-29,active,,,healthcare-pqc,tls-simulator;sbx-tls;sbx-database-postgres,RFC-9846-The-Transport-Layer-Security-TLS-Protocol-Version-1;draft-ietf-tls-ecdhe-mlkem-05,,HHS-HIPAA-Security-Rule-45-CFR-Part-164-Subpart-C,driver,,mandated,not-specified,none,,,none,,mandated,China SCA/OSCCA commercial cryptography product certification (Cryptography Law Art.26 -- China-market modules only),all-of,ONC-Health-IT-Certification-Criterion-170-315-d-7-End-User-D;ONC-Health-IT-Certification-Criterion-170-315-d-9-Trusted-Co;HHS-HIPAA-Security-Rule-45-CFR-Part-164-Subpart-C;China-Cryptography-Law-2019-NPC,,,
Healthcare / Pharmaceutical,hlth-devices,Medical-device firmware & authentication,Activity,x509;cose,x509;cose,standardised,RSA;ECDSA,ML-DSA;LMS,draft,FDA premarket cybersecurity guidance requires secure update mechanisms for devices whose field lives exceed classical-crypto safety margins; hash-based and ML-DSA signing are the migration path.,,FDA Premarket Cybersecurity Guidance 2023,https://www.fda.gov/regulatory-information/search-fda-guidance-documents/cybersecurity-medical-devices-quality-system-considerations-and-content-premarket-submissions,fda,threats/HLTH-003.html,no,,0.85,2026-07-29,active,,,healthcare-pqc,firmware-signing;lms-hss;cert-capacity,RFC 5280;RFC 9881;RFC 9053,,FDA-Cybersecurity-in-Medical-Devices-Premarket-Guidance-2023,driver,,de-facto,not-specified,none,,,none,,mandated,China SCA/OSCCA commercial cryptography product certification (Cryptography Law Art.26 -- China-market modules only),any-of,FDA-Cybersecurity-in-Medical-Devices-Premarket-Guidance-2023;China-Cryptography-Law-2019-NPC,,,
Healthcare / Pharmaceutical,hlth-implants,Implantable & wearable devices (BLE),Bluetooth,,,none,ECDH,,none,Implantables and wearables use embedded ECC over Bluetooth LE with severe compute and battery constraints — among the hardest PQC retrofit cases in any sector.,,"FDA — DSCSA Standards for the Interoperable Exchange of Information for Tracing (Guidance for Industry, Sept 2023)",https://www.fda.gov/media/171796/download,fda,threats/HLTH-004.pdf,no,FDA,0.85,2026-07-29,active,,,healthcare-pqc,cert-capacity,BLE-Key-Negotiation-Downgrade-2020;BLE-Low-Entropy-Key-Negotiation-2019,Implantable/wearable links use Bluetooth LE profiles with vendor-proprietary key hierarchies; no matrix protocol covers them.,FDA-DSCSA-Standards-for-the-Interoperable-Exchange-of-Inform,driver,,de-facto,not-specified,none,,,none,,mandated,China SCA/OSCCA commercial cryptography product certification (Cryptography Law Art.26 -- China-market modules only),any-of,FDA-Cybersecurity-in-Medical-Devices-Premarket-Guidance-2023;China-Cryptography-Law-2019-NPC,,,
Healthcare / Pharmaceutical,hlth-supply,Pharma supply chain (DSCSA/EPCIS),Pill,x509,x509,none,RSA;ECDSA,,none,US DSCSA interoperability rests on EPCIS event signatures and manufacturer PKI for product verification; signatures anchoring provenance must remain verifiable for years.,,FDA Drug Supply Chain Security Act (DSCSA),https://www.fda.gov/drugs/drug-supply-chain-integrity/drug-supply-chain-security-act-dscsa,csa-cloud,threats/HLTH-005.html,no,,0.85,2026-07-29,active,,,healthcare-pqc,pki-workshop;sbx-supply-chain-signing,RFC 5280;RFC 9881,,FDA-Drug-Supply-Chain-Security-Act-DSCSA,driver,,none,,none,,,none,,mandated,China SCA/OSCCA commercial cryptography product certification (Cryptography Law Art.26 -- China-market modules only),all-of,FDA-DSCSA-Standards-for-the-Interoperable-Exchange-of-Inform;China-Cryptography-Law-2019-NPC,,,
Hardware Security Modules,hsm-keygen,PQC key generation & side-channel hardening,Cpu,pkcs11,pkcs11,standardised,RSA;ECDSA;ECDH,ML-KEM;ML-DSA;FN-DSA,pilot,HSMs generating ML-KEM/FN-DSA keys need fault and side-channel countermeasures that FIPS 140-3 physical-security requirements were not originally written for.,,NIST FIPS 140-3 Physical Security Requirements / IACR PQC fault attack research,https://csrc.nist.gov/csrc/media/Projects/cryptographic-module-validation-program/documents/fips%20140-3/FIPS%20140-3%20IG.pdf,nist-csrc,threats/HSM-001.pdf,yes,NIST,0.85,2026-08-13,active,,,hsm-pqc,hsm-capacity;entropy-test;sbx-hsm-perf-bench,PKCS11-V32-OS-OASIS,,NIST-FIPS140-3-IG-PQC,technical,,mandated,140-3 L3,mandated,EN 419221-5 (Cryptographic Module for Trust Services),EUCC,mandated,PCI Card Production and Provisioning v3.0.1,none,,any-of,NIST SP 800-208;FIPS-140-3-STANDARD;ETSI-EN-319-411;CIR-EU-2024-482-EUCC-Cybersecurity-Certification-Scheme;PCI-Card-Production-Logical-Security-v3-0-1;NIST-SP-800-140F,,,
Hardware Security Modules,hsm-api,PKCS#11 / KMIP interface migration,Plug,pkcs11;kmip,pkcs11;kmip,adopted,RSA;ECDSA;ECDH,ML-KEM;ML-DSA;SLH-DSA;LMS;XMSS,production,"PKCS#11 v3.2 (OASIS Standard) defines mechanisms for ML-KEM, ML-DSA, SLH-DSA, and stateful hash-based signatures — the API layer of the HSM migration is standardized.",PKCS11-3.2;KMIP-2.1,PKCS#11 v3.2 Specification / NIST SP 800-227,https://docs.oasis-open.org/pkcs11/pkcs11-spec/v3.2/cs01/pkcs11-spec-v3.2-cs01.html,oasis,threats/HSM-002.html,yes,OASIS PKCS#11 Technical Committee,0.85,2026-08-13,active,,,hsm-pqc,cacp-kmip;token-migration;sbx-pqctoday-kmip,PKCS11-V32-OS-OASIS;KMIP-V2-1-OASIS,,PKCS11-V32-OS-OASIS,technical,,de-facto,not-specified,de-facto,not specified (PKCS#11 v3.2 names only the authority type),not specified,none,,none,,any-of,PKCS11-V32-OS-OASIS;KMIP-V2-1-OASIS,,,
Hardware Security Modules,hsm-roots,Root-of-trust & firmware signing,ShieldCheck,tpm;uefi,tpm;uefi,standardised,RSA;ECDSA,ML-DSA;LMS,draft,"Device roots of trust (TPM, UEFI Secure Boot) verify firmware with RSA/ECDSA; hash-based signatures are the recommended first PQC step for firmware because of their conservative security case.",,NIST FIPS 140-3 Physical Security Requirements / IACR PQC fault attack research,https://csrc.nist.gov/csrc/media/Projects/cryptographic-module-validation-program/documents/fips%20140-3/FIPS%20140-3%20IG.pdf,nist-csrc,threats/HSM-001.pdf,yes,NIST,0.85,2026-08-13,active,,,hsm-pqc,tpm-playground;firmware-signing;lms-hss;sbx-tpm-pqc-migration,TCG-TPM-V185-Part1;UEFI-SPEC-2.10-SecureBoot;NIST SP 800-208,,NIST-FIPS140-3-IG-PQC,technical,,mandated,140-3 L3,de-facto,TCG PC Client TPM 2.0 Protection Profile,EUCC / BSI (SOG-IS smartcard domain),mandated,"PCI PTS HSM v4.0 (firmware-signing keys, Req J8)",none,,any-of,NIST SP 800-208;NSA CNSA 2.0 FAQ;TCG-TPM-V185-Part1;UEFI-SPEC-2.10-SecureBoot;PCI-PTS-HSM-Modular-Security-Requirements-v4-0;CIR-EU-2024-482-EUCC-Cybersecurity-Certification-Scheme,,,
Internet of Things (IoT),iot-provisioning,Device identity & provisioning,QrCode,x509;tls-1-2,x509;tls-1-3,standardised,ECDSA;RSA,ML-DSA,none,IoT device identity rests on factory-provisioned ECDSA/RSA certificates in devices that often cannot be re-keyed after deployment; NIST SP 800-213 and NISTIR 8259A define the device cybersecurity capability baseline this migration runs through.,,NIST SP 800-213 + NISTIR 8259A,https://nvlpubs.nist.gov/nistpubs/SpecialPublications/NIST.SP.800-232.pdf,nist-csrc,threats/IOT-005.pdf,yes,NIST,0.85,2026-07-29,active,,,iot-ot-pqc,pki-enrollment;cert-capacity;sbx-stepca,RFC 9881;RFC 5280,,NIST-SP-800-232,driver,,none,,none,,,none,,de-facto,GlobalPlatform SESIP + PSA Certified (secure-element tier); EU CRA Art.8(1) delegated act not yet adopted; US Cyber Trust Mark is voluntary,all-of,NIST-SP-800-213;NIST-IR-8259A;GSMA-PQ-04-Post-Quantum-Cryptography-in-the-IoT-Ecosystem;EU-CRA-REG-2024-2847,,,
Internet of Things (IoT),iot-industrial,Industrial IoT (OPC UA / IEC 62443),Factory,tls-1-2,tls-1-3,none,RSA;ECDSA,,none,OPC UA security policies and IEC 62443 conformance anchor industrial device authentication on RSA/ECDSA with multi-decade plant lifecycles.,,IEC 62443 Industrial Automation Security,https://www.isa.org/standards-and-publications/isa-standards/isa-iec-62443-series-of-standards,iec,threats/IOT-002.html,no,,0.85,2026-08-13,active,,,iot-ot-pqc,tls-simulator;sbx-iot-mqtt,RFC 9151,,IEC 62443,driver,,none,,none,,,none,,none,,,IEC 62443;EU-CRA-REG-2024-2847,,,
Internet of Things (IoT),iot-firmware,Firmware update signing (SUIT/COSE),Download,cose,cose,standardised,ECDSA,ML-DSA;LMS,draft,IETF SUIT (RFC 9019/9124) defines the firmware-update architecture whose COSE signatures must move from ECDSA/EdDSA to PQC for constrained devices.,,IETF SUIT RFC 9019 + RFC 9124,https://www.rfc-editor.org/rfc/rfc9019.txt,ietf,threats/IOT-003.html,no,,0.85,2026-07-29,active,,,iot-ot-pqc,firmware-signing;lms-hss;sbx-firmware-hss,RFC 9052;draft-ietf-cose-falcon-04;RFC 9053,,RFC 9019,technical,,none,,none,,,none,,none,,,NIST SP 800-208,,,
IT Industry / Software,it-libraries,Crypto libraries & TLS stacks,Code,tls-1-3;ssh,tls-1-3;ssh,adopted,RSA;ECDSA;ECDH;X25519,ML-KEM;ML-DSA;SLH-DSA,production,"OpenSSL 3.5 shipped ML-KEM, ML-DSA, and SLH-DSA natively, putting PQC into the default dependency graph of most software; legacy pre-3.5 estates are the migration tail.",,OpenSSL PQC Integration,https://openssl-library.org/post/2025-04-08-openssl-35-final-release/,openssl-project,threats/IT-001.html,no,,0.85,2026-08-13,active,,,crypto-dev-apis,openssl-studio;tls-simulator;pqc-ssh-sim;slh-dsa,RFC-9846-The-Transport-Layer-Security-TLS-Protocol-Version-1;draft-ietf-tls-ecdhe-mlkem-05;draft-ietf-tls-mldsa-04;FIPS 205,,OpenSSL-3.5.0-Release,technical,,none,,none,,,none,,none,,all-of,FIPS-140-3-STANDARD;NIST-CMVP-140-2-to-140-3-Transition-Timeline,,,
IT Industry / Software,it-webpki,Web PKI & certificate authorities,Globe,x509;tls-1-3,x509;tls-1-3,standardised,RSA;ECDSA,ML-DSA,draft,CA root and intermediate keys (RSA-4096/ECDSA) anchor the web PKI under CA/Browser Forum baseline requirements; ML-DSA certificate profiles are advancing through IETF LAMPS.,RFC-5280,CA/Browser Forum PKI Standards,https://cabforum.org/working-groups/server/baseline-requirements/documents/,cabf,threats/IT-002.html,no,,0.85,2026-07-29,active,,,crypto-dev-apis,pki-workshop;cert-capacity;merkle-proof;sbx-cert-validation,RFC 5280;RFC 9881,,CA-B-Forum-Ballot-SMC013,technical,,mandated,140-3 L3,mandated,"not specified (""an appropriate Common Criteria Protection Profile or Security Target"")",not specified,none,,none,,any-of,CABF-TLS-BR-v2-2-9;Chrome-Root-Program-Policy-v1-8,,,
IT Industry / Software,it-supplychain,Software supply chain (Sigstore/SLSA),GitBranch,sigstore,sigstore,proposed,ECDSA,ML-DSA,pilot,Sigstore's Fulcio CA and Rekor transparency log sign with ECDSA; SLSA provenance levels make those signatures the trust anchor for software supply chains.,,SLSA Supply Chain Security Framework (OpenSSF),https://slsa.dev/spec/v1.0/levels,openssf,threats/IT-004.html,no,,0.85,2026-08-13,active,,,crypto-dev-apis,sbx-supply-chain-signing;sbx-osslsigncode;merkle-proof,Sigstore-Algorithm-Registry,,SLSA-Specification-v1.1,driver,,none,,none,,,none,,none,,all-of,SLSA-Specification-v1.1;NIST SP 800-218,,,
IT Industry / Software,it-identity,"SSO, OAuth/OIDC & passkeys",Fingerprint,jose;fido-2,jose;fido-2,standardised,RSA;ECDSA,ML-DSA,draft,"SAML assertions, OAuth/OIDC tokens (JOSE), and FIDO2/WebAuthn attestation all sign with RSA/ECDSA; the FIDO Alliance has a PQC roadmap and JOSE/COSE composite drafts exist.",W3C-WebAuthn,Web Authentication: An API for accessing Public Key Credentials - Level 3,https://www.w3.org/TR/webauthn-3/,w3c,library/W3C_WebAuthn.html,yes,W3C,0.85,2026-07-29,active,,,crypto-dev-apis,api-security-jwt;token-migration;sbx-api-security-jwt,RFC 7515;draft-ietf-jose-pqc-kem;draft-vitap-ml-dsa-webauthn,,W3C WebAuthn,technical,,none,,none,,,none,,none,,all-of,NIST-SP-800-63B-4,,,
IT Industry / Software,it-ssh,Administrative access (SSH),Terminal,ssh,ssh,adopted,RSA;ECDSA;ECDH;X25519,ML-KEM,production,SSH hybrid ML-KEM key exchange is standardized (RFC 9941) and deployed by default in current OpenSSH — administrative access is among the most PQC-ready surfaces in IT.,RFC-4253;RFC-9941,NIST FIPS 203/204/205 Post-Quantum Cryptography Standards,https://csrc.nist.gov/projects/post-quantum-cryptography,nist-csrc,threats/IT-003.html,yes,NIST,0.85,2026-08-13,active,,,crypto-dev-apis,pqc-ssh-sim;sbx-ssh,RFC 4253;RFC 9941;draft-ietf-sshm-mlkem-hybrid-kex-10;IETF RFC 5656,,,,,none,,none,,,none,,none,,all-of,RFC 9941,,,
Legal / Notary / eSignature,leg-qes,Qualified e-signatures (AdES),PenTool,x509,x509,standardised,RSA;ECDSA,ML-DSA,draft,Qualified signatures under eIDAS use RSA/ECDSA in XAdES/PAdES/CAdES formats with algorithm suites from ETSI TS 119 312; PQC suites are in ETSI's standardization pipeline.,ETSI-TS-119-312,eIDAS Regulation EU 910/2014 + ETSI TS 119 312,https://www.etsi.org/deliver/etsi_ts/119300_119399/119312/01.04.03_60/ts_119312v010403p.pdf,ec,threats/LEG-001.pdf,no,,0.85,2026-07-29,active,,,trust-services-pqc,pki-workshop;email-signing;hybrid-certs,RFC 5280;RFC 9881,,eIDAS-Regulation-EU-910-2014-consolidated-text-as-amended-by,driver,,mandated,140-3 L3,mandated,"EN 419211 Parts 1-6 (user-managed QSCD); EN 419241-2:2019 / EN 419221-5:2018 (remote QSCD) (EAL 4+, AVA_VAN.5)",EUCC,none,,none,,any-of,CIR-EU-2025-1943-Qualified-Certificates-Reference-Standards;CIR-EU-2024-482-EUCC-Cybersecurity-Certification-Scheme,"FIPS 140-3 L3 is accepted only until 2030-12-31 as one of three alternative routes (CIR (EU) 2025/1943 Annex I: ""until 31.12.2030, FIPS PUB 140-3 level 3""). After that date Common Criteria/EUCC EAL4+ becomes the SOLE certification route -- the any-of logic above stops applying and this becomes CC-only.",2030-12-31,CIR-EU-2025-1943-Qualified-Certificates-Reference-Standards
Legal / Notary / eSignature,leg-wallet,EU digital identity wallets (eIDAS 2.0),Wallet,jose;cose;x509,jose;cose;x509,standardised,ECDSA;RSA;ECDH,ML-DSA,draft,EUDI wallets under Regulation 2024/1183 authenticate holders and verifiers with ECDSA/RSA credentials; wallet attestation formats are where PQC composite signatures will land.,,EU Regulation 2024/1183 (eIDAS 2.0),https://eur-lex.europa.eu/legal-content/EN/TXT/?uri=CELEX:32024R1183,ec,threats/LEG-002.html,no,,0.85,2026-07-29,active,,,trust-services-pqc,digital-id;api-security-jwt,RFC 7515;RFC 7519;draft-ietf-jose-pqc-kem,,eIDAS-2-Regulation,driver,,none,,mandated,not specified by name; EAL4 + AVA_VAN.5 floor,EUCC,none,,none,,all-of,CIR-EU-2024-2981-EU-Digital-Identity-Wallet-Certification;CIR-EU-2024-482-EUCC-Cybersecurity-Certification-Scheme,,,
Legal / Notary / eSignature,leg-timestamp,Qualified timestamping (RFC 3161),Timer,x509,x509,standardised,RSA;ECDSA,ML-DSA;LMS,none,"Qualified timestamp tokens (ETSI EN 319 422, RFC 3161) sign evidence of existence whose verifiability must outlast the signing algorithm — a canonical long-validity PQC case.",ETSI-TS-119-312,ETSI EN 319 422 Qualified Timestamp Policy,https://www.etsi.org/deliver/etsi_en/319400_319499/319422/01.01.01_60/en_319422v010101p.pdf,etsi-cyber,threats/LEG-003.pdf,no,,0.85,2026-08-13,active,,,trust-services-pqc,lms-hss;merkle-proof;pki-workshop,RFC 5280;RFC 9881;NIST SP 800-208,,ETSI-EN-319-422-V1-1-1-Time-stamping-protocol-and-time-stamp,driver,,mandated,140-3 L3,mandated,EN 419231 (time-stamping); EN 419221-5:2018 (TSP crypto module) (EAL 4+),EUCC,none,,none,,any-of,CIR-EU-2025-1929-Qualified-Electronic-Time-Stamps;CIR-EU-2024-482-EUCC-Cybersecurity-Certification-Scheme,"FIPS 140-3 L3 is accepted only until 2030-12-31 as one of three alternative routes (CIR (EU) 2025/1943 Annex I: ""until 31.12.2030, FIPS PUB 140-3 level 3""). After that date Common Criteria/EUCC EAL4+ becomes the SOLE certification route -- the any-of logic above stops applying and this becomes CC-only.",2030-12-31,CIR-EU-2025-1929-Qualified-Electronic-Time-Stamps
Media / Entertainment / DRM,media-drm,Content DRM key hierarchies,MonitorPlay,,,none,ECDSA,,none,"AACS, PlayReady, and FairPlay rest on RSA key hierarchies burned into devices and discs; content licensing windows outlive the classical hardness assumptions beneath them.",,AACS Specifications — Introduction and Common Cryptographic Elements (v0.91),https://aacsla.com/wp-content/uploads/2019/02/AACS_Spec_Common_0.91.pdf,aacs,threats/MEDIA-001.html,yes,AACS Licensing Administrator,0.85,2026-08-13,active,,,,envelope-encrypt;kdf-derivation,AACS-Introduction-and-Common-Cryptographic-Elements-Book-Rev,"AACS, PlayReady and FairPlay are proprietary DRM key hierarchies, not open protocols tracked by the matrix.",AACS-Introduction-and-Common-Cryptographic-Elements-Book-Rev,technical,,none,,none,,,none,,de-facto,"DRM licensor device-certification regimes -- AACS LA Adopter Agreement C&R Rules, PlayReady SL3000, Widevine L1 (all licensee-confidential)",all-of,AACS-Introduction-and-Common-Cryptographic-Elements-Book-Rev,,,
Media / Entertainment / DRM,media-broadcast,Broadcast conditional access (DVB),Tv,,,none,RSA,,none,DVB conditional-access entitlement management (ECM/EMM) and broadcast device certificates use RSA/ECDSA with fielded receiver populations that are effectively un-upgradable.,,DVB Project — Conditional Access System Standards,https://dvb.org/solutions/security/,dvb-project,threats/MEDIA-003.html,no,,0.85,2026-08-13,active,,,,kdf-derivation,CI-Plus-Spec-v1.3.2,"DVB conditional-access ECM/EMM is a consortium broadcast spec, not a protocol tracked by the matrix.",DVB-BlueBook-A165-Extensions-to-the-CI-Plus-Specification,driver,,none,,none,,,none,,de-facto,CI Plus Trust Authority / Certification Authority device certification against the CI Plus Robustness Rules (licensee-only),all-of,CI-Plus-Spec-v1.3.2;DVB-BlueBook-A165-Extensions-to-the-CI-Plus-Specification,,,
Media / Entertainment / DRM,media-streaming,Streaming delivery & license TLS,Play,tls-1-3,tls-1-3,adopted,RSA;ECDSA;ECDH;X25519,ML-KEM,production,"Streaming platforms deliver content keys and licenses over TLS, where hybrid PQC key establishment is already available at CDN scale.",,"""A First Look at Digital Rights Management Systems for Secure Mobile Content Delivery"" (academic survey)",https://arxiv.org/abs/2308.00437,arxiv-crypto,threats/MEDIA-002.html,partial,,0.85,2026-07-29,active,,,,tls-simulator;sbx-tls;sbx-browser-tls,RFC-9846-The-Transport-Layer-Security-TLS-Protocol-Version-1;draft-ietf-tls-ecdhe-mlkem-05,,A-First-Look-at-Digital-Rights-Management-Systems-for-Secure,driver,,none,,none,,,none,,none,,,A-First-Look-at-Digital-Rights-Management-Systems-for-Secure,,,
Payment Card Industry,pci-emv,Card authentication (EMV offline auth),CreditCard,,,none,RSA,,none,"EMV offline card authentication (SDA/DDA/CDA per EMVCo Book 2) uses RSA, with ECDSA arriving in newer contactless kernels; card and terminal fleets turn over on decade timescales.",,The Impact of Quantum Computing on the Payment Card Industry,https://www.fsisac.com/hubfs/Knowledge/PQC/TheImpactOfQuantumComputingOnThePaymentCardIndustry.pdf,fs-isac,threats/PAYM-001.pdf,no,,0.85,2026-08-13,active,,,emv-payment-pqc,cert-capacity,RU-Nijmegen-EMV-Course-Notes;EMVCo-Quantum-Position-Statement,"EMV offline card authentication is an EMVCo card/terminal spec (Book 2), not a network protocol tracked by the matrix.",FS-ISAC-PQC-Timeline-2026,driver,,mandated,140-3 L3,none,,,mandated,PCI PTS HSM (version not specified),none,,any-of,PCI-Card-Production-Logical-Security-v3-0-1,,,
Payment Card Industry,pci-terminals,Terminal PIN security & key injection,ShieldCheck,tls-1-2,tls-1-3,none,RSA;ECDH,,none,PIN encryption uses TDES DUKPT with RSA-based remote key injection under PCI PIN Security Requirements; asymmetric key transport is the quantum-exposed link.,,PCI PIN Security Requirements v3.1 (ROC Reporting Template),https://listings.pcisecuritystandards.org/documents/PCI_PIN_v3.1_ROC_Reporting_Template.pdf,pci-ssc,threats/PCI-003.html,no,PCI Security Standards Council,0.85,2026-08-16,active,,,emv-payment-pqc,kdf-derivation;hsm-capacity,RFC 9151,,PCI-PIN-v3-1-ROC-Reporting-Template,driver,,none,,none,,,mandated,PCI PTS POI (version not specified); PCI PTS POI with SRED (P2PE),none,,all-of,PCI-PIN-v3-1-ROC-Reporting-Template;PCI-P2PE-Security-Requirements-v3-1,,,
Payment Card Industry,pci-ecommerce,E-commerce payment data (PCI DSS),ShoppingCart,tls-1-3;tls-1-2,tls-1-3,standardised,RSA;ECDSA;ECDH,ML-KEM,pilot,Cardholder-data environments protect transport with TLS under PCI DSS v4 requirements; hybrid key establishment is deployable now on the acquiring side.,,PCI Security Standards Council DSS 4.0.1,https://www.middlebury.edu/sites/default/files/2025-01/PCI-DSS-v4_0_1.pdf,pci-ssc,threats/PCI-002.html,no,PCI Security Standards Council,0.85,2026-07-29,active,,,emv-payment-pqc,tls-simulator;sbx-tls,RFC-9846-The-Transport-Layer-Security-TLS-Protocol-Version-1;draft-ietf-tls-ecdhe-mlkem-05,,PCI-DSS-v4-0-1-Requirements-and-Testing-Procedures,technical,,mandated,140-3 L3,none,,,mandated,PCI PTS HSM (version not specified),none,,any-of,PCI-3DS-Core-v1-0-ROC-Reporting-Template,,,
Rail / Transit,rail-etcs,Train control key management (ETCS),TrainFront,tls-1-2;x509;est-cmp,tls-1-3;x509;est-cmp,none,RSA;ECDSA,,none,ETCS online key management (UNISIG SUBSET-137) distributes KMAC keys via RSA/ECDSA-authenticated channels; signalling assets have 30+-year lifecycles.,,UNISIG SUBSET-137 — On-line Key Management FFFIS (KMC-ETCS),https://www.era.europa.eu/system/files/2023-09/index083_-_SUBSET-137_v400.pdf,era-rail,threats/RAIL-001.pdf,no,UNISIG; European Union Agency for Railways,0.85,2026-07-29,active,,,iot-ot-pqc,pki-enrollment;pki-workshop,RFC 5280;RFC 9881,,UNISIG-SUBSET-137-ERTMS-ETCS-On-line-Key-Management-FFFIS,technical,,none,,none,,,none,,none,,,UNISIG-SUBSET-137-ERTMS-ETCS-On-line-Key-Management-FFFIS;UNISIG-SUBSET-114,,,
Rail / Transit,rail-frmcs,Railway mobile communications (GSM-R → FRMCS),Antenna,tls-1-3;ike-ipsec,tls-1-3;ike-ipsec,standardised,RSA;ECDSA,ML-KEM,draft,"FRMCS, the 5G successor to GSM-R, authenticates with ECDSA/RSA under ETSI TS 103 719 and 3GPP profiles; migrating rail radio is a multi-decade infrastructure program.",,ETSI TS 103 764 (FRMCS System Architecture) + ETSI TS 103 765-1/-2 (Transport/Service Stratum) / 3GPP TS 22.289 / TS 23.289,https://www.etsi.org/deliver/etsi_ts/103700_103799/103764/01.01.00_30/ts_103764v010100va.pdf,etsi-cyber,threats/RAIL-003.html,no,,0.85,2026-07-30,active,,,iot-ot-pqc,suci-flow;vpn-sim;tls-simulator,RFC-9846-The-Transport-Layer-Security-TLS-Protocol-Version-1;draft-ietf-tls-ecdhe-mlkem-05,,ETSI-TS-103-764-Rail-Telecommunications-RT-FRMCS-System-Arch,driver,,none,,none,,,none,,none,,,ETSI-TS-103-764-Rail-Telecommunications-RT-FRMCS-System-Arch;ETSI-TS-103-765-1-Rail-Telecommunications-RT-FRMCS-Transport;EU-CRA-REG-2024-2847,,,
Rail / Transit,rail-ptc,Positive Train Control PKI,TrainFront,x509,x509,none,RSA;ECDSA,,none,"US Positive Train Control mandated by 49 CFR 236 Subpart I relies on PKI-authenticated wireless messaging between locomotives, wayside units, and back offices.",,49 CFR Part 236 Subpart I — Positive Train Control Systems (eCFR),https://www.ecfr.gov/current/title-49/subtitle-B/chapter-II/part-236/subpart-I,fra-us,threats/RAIL-004.html,yes,FRA,0.85,2026-07-29,active,,,iot-ot-pqc,pki-workshop;cert-capacity,RFC 5280;RFC 9881,,49-CFR-Part-236-Subpart-I-Positive-Train-Control-Systems,driver,,none,,none,,,none,,none,,,49-CFR-Part-236-Subpart-I-Positive-Train-Control-Systems;FRA-Information-Guide-on-Positive-Train-Control-in-49-CFR-Pa,,,
Retail & E-Commerce,retail-checkout,Online checkout & POS,ShoppingCart,tls-1-3;tls-1-2,tls-1-3,adopted,RSA;ECDSA;ECDH;X25519,ML-KEM,production,Checkout and point-of-sale traffic is TLS under PCI DSS; hybrid ML-KEM is production-ready in modern commerce stacks.,,PCI DSS v4.0.1,https://www.middlebury.edu/sites/default/files/2025-01/PCI-DSS-v4_0_1.pdf,pci-ssc,threats/RETAIL-001.html,no,PCI Security Standards Council,0.85,2026-07-29,active,,,emv-payment-pqc,tls-simulator;sbx-tls;sbx-browser-tls,RFC-9846-The-Transport-Layer-Security-TLS-Protocol-Version-1;draft-ietf-tls-ecdhe-mlkem-05,,PCI-DSS-v4-0-1-Requirements-and-Testing-Procedures,technical,,none,,none,,,mandated,PCI PTS POI with SRED (P2PE 3.1),none,,all-of,PCI-P2PE-Security-Requirements-v3-1,,,
Supply Chain / Logistics,supply-maritime,Port & vessel identity systems,Ship,x509;tls-1-2,x509;tls-1-3,none,RSA;ECDSA,,none,"Port management PKI, vessel identity certificates, and maritime VPNs fall under IMO cyber-risk management guidance; fleet IT refresh cycles are long.",,IMO Maritime Cyber Risk Management Guidelines,https://www.imo.org/en/OurWork/Security/Pages/Cyber-security.aspx,imo,threats/SUPPLY-001.pdf,no,,0.85,2026-07-29,active,,,,pki-workshop;tls-simulator,RFC 5280;RFC 9881,,IMO-Maritime-Cyber-Risk-Management-Guidelines,driver,,none,,none,,,none,,none,,,IMO-MSC-FAL-1-Circ-3-Rev-2-Guidelines-on-Maritime-Cyber-Risk;EU-CRA-REG-2024-2847,,,
Supply Chain / Logistics,supply-ebl,Electronic bills of lading & trade docs,FileText,jose;x509,jose;x509,none,RSA;ECDSA,,none,DCSA electronic bill-of-lading standards sign trade documents with RSA/ECDSA; negotiable instruments demand signature validity across multi-year disputes.,,DCSA Electronic Bill of Lading Standards,https://dcsa.org/standards/bill-of-lading,csa-cloud,threats/SUPPLY-002.html,no,,0.85,2026-07-29,active,,,,api-security-jwt;pki-workshop,RFC 7515,,DCSA-Information-Model-v3-0,driver,,none,,none,,,none,,none,,,DCSA-Information-Model-v3-0,,,
Supply Chain / Logistics,supply-customs,Customs declarations & single windows,Stamp,x509,x509,none,RSA;ECDSA,,none,Customs single-window platforms and AEO certificates under the WCO SAFE framework authenticate declarations with classical digital signatures.,,WCO SAFE Framework of Standards,https://www.wcoomd.org/en/topics/facilitation/instrument-and-tools/frameworks-of-standards/safe_package.aspx,wco,threats/SUPPLY-003.html,no,,0.85,2026-07-29,active,,,,pki-workshop;cert-capacity,RFC 5280;RFC 9881,,WCO-SAFE-Framework-of-Standards-2021,driver,,none,,none,,,none,,none,,,WCO-SAFE-Framework-of-Standards-2021,,,
Telecommunications,telco-suci,Subscriber identity concealment (5G SUCI),Smartphone,5g-suci,5g-suci,proposed,ECDH;X25519,ML-KEM,draft,5G SUCI conceals subscriber identifiers with ECIES (Curve25519/P-256); 3GPP study items and NIST CSWP 36A chart the ML-KEM-based replacement.,NIST-CSWP-36A;ATIS-5G-Quantum,3GPP TS 33.501 5G Security Architecture,https://www.etsi.org/deliver/etsi_ts/133500_133599/133501/18.09.00_60/ts_133501v180900p.pdf,etsi,threats/TELCO-003.pdf,partial,3GPP; ETSI,0.85,2026-07-29,active,,,5g-security,suci-flow,3GPP TS 33.501 Rel-19;PQ-SUCI-MLKEM-Profile-C-2025,,3GPP TS 33.501 Rel-19,technical,,none,,de-facto,BSI-CC-PP-0084 (security IC) + BSI-CC-PP-0089 (eUICC),BSI / SOG-IS,none,,mandated,India NCCS ComSec/ITSAR (MTCTE); China SCA/OSCCA (Art.26),all-of,3GPP TS 33.501 Rel-19;China-Cryptography-Law-2019-NPC,,,
Telecommunications,telco-transport,Backhaul & core transport (IPsec/TLS),Antenna,ike-ipsec;tls-1-3,ike-ipsec;tls-1-3,standardised,RSA;ECDSA;ECDH,ML-KEM,pilot,Inter-site N2/N3 IPsec and SBA TLS carry the mobile core; GSMA's PQ.03 guidelines sequence the telco network migration and IKEv2 PQ extensions are standardized.,GSMA-PQ.03;RFC-9370;ATIS-5G-Quantum,GSMA Post-Quantum Telco Network Taskforce,https://www.gsma.com/newsroom/wp-content/uploads/PQ.03-Post-Quantum-Cryptography-Guidelines-for-Telecom-Use-v1.0.pdf,gsma,threats/TELCO-002.pdf,no,GSMA,0.85,2026-07-29,active,,,5g-security,vpn-sim;tls-simulator;sbx-vpn,IETF RFC 7296;draft-ietf-ipsecme-ikev2-pqc-auth-08;RFC 8784;draft-ietf-tls-ecdhe-mlkem-05,,GSMA PQ.03 PQC Guidelines,technical,,none,,none,,,none,,mandated,India NCCS ComSec/ITSAR (MTCTE); China SCA/OSCCA (Art.26). Voluntary: GSMA NESAS,all-of,China-Cryptography-Law-2019-NPC,,,
Telecommunications,telco-certs,Network function & gNB certificates,KeyRound,x509;est-cmp,x509;est-cmp,standardised,RSA;ECDSA,ML-DSA,draft,3GPP TS 33.310 certificate profiles for network functions and base stations use RSA/ECDSA today; ML-DSA profiles track the LAMPS certificate work.,,3GPP TS 33.501 5G Security Architecture,https://www.etsi.org/deliver/etsi_ts/133500_133599/133501/18.09.00_60/ts_133501v180900p.pdf,etsi,threats/TELCO-003.pdf,partial,3GPP; ETSI,0.85,2026-07-29,active,,,5g-security,pki-enrollment;pki-workshop;sbx-stepca,RFC 5280;RFC 9881,,3GPP TS 33.501 Rel-19,driver,,none,,none,,,none,,mandated,India NCCS ComSec/ITSAR (MTCTE); China SCA/OSCCA (Art.26). Voluntary: GSMA NESAS,all-of,3GPP TS 33.501 Rel-19;China-Cryptography-Law-2019-NPC,,,
Telecommunications,telco-subscriber,Legacy subscriber authentication,Signal,ike-ipsec,ike-ipsec,in-progress,RSA;ECDSA;ECDH,ML-KEM;ML-DSA,none,Legacy generations and roaming interconnects still depend on classical asymmetric authentication and key exchange flagged in GSMA security guidance.,GSMA-PQ.03,GSMA Security Guidelines,https://www.gsma.com/newsroom/wp-content/uploads/PQ.03-Post-Quantum-Cryptography-Guidelines-for-Telecom-Use-v1.0.pdf,gsma,threats/TELCO-001.html,no,GSMA,0.85,2026-07-29,active,,,5g-security,vpn-sim;suci-flow,IETF RFC 7296;draft-ietf-ipsecme-ikev2-pqc-auth-08;RFC 8784;draft-wang-ipsecme-kem-auth-ikev2-03,,GSMA PQ.03 PQC Guidelines,technical,,none,,mandated,BSI-CC-PP-0084/0035 (hardware) + BSI-CC-PP-0089 (eUICC),BSI / SOG-IS,none,,mandated,GSMA SAS-UP + SAS-SM; India NCCS ComSec/ITSAR; China SCA/OSCCA (Art.26),all-of,3GPP TS 33.501 Rel-19;GSMA-SGP24-v2-4-4;China-Cryptography-Law-2019-NPC,,,
Water / Wastewater,water-scada,Treatment plant SCADA & remote ops,Droplets,ike-ipsec;tls-1-2,ike-ipsec;tls-1-3,none,RSA;ECDSA;ECDH,,none,Water utility SCADA authentication and remote-monitoring VPNs fall under America's Water Infrastructure Act assessments; OT asset lifecycles stretch decades.,,EPA America's Water Infrastructure Act (AWIA) 2018 / CISA,https://www.epa.gov/waterresilience/awia-section-2013,cisa,threats/WATER-001.html,no,CISA,0.85,2026-07-29,active,,,energy-utilities-pqc,vpn-sim;tls-simulator,IETF RFC 7296;draft-ietf-ipsecme-ikev2-pqc-auth-08;RFC 8784,,EPA-America-s-Water-Infrastructure-Act-AWIA-Section-2013,driver,,none,,none,,,none,,mandated,China SCA/OSCCA commercial cryptography product certification (Cryptography Law Art.26 -- China-market modules only),all-of,China-Cryptography-Law-2019-NPC,,,
Water / Wastewater,water-ami,Water metering & sensor networks,Gauge,x509;dtls-1-2,x509;dtls-1-3,none,RSA;ECDSA;ECDH,,none,Smart water meters and sensor-to-gateway bootstrap use RSA/ECC provisioning per EPA water-sector cybersecurity guidance.,,EPA Cybersecurity for Water Sector (August 2024),https://www.epa.gov/cyberwater/epa-cybersecurity-water-sector,epa-us,threats/WATER-003.pdf,no,EPA,0.85,2026-08-17,active,,,energy-utilities-pqc,pki-workshop;cert-capacity;sbx-iot-mqtt,RFC 5280;RFC 9881;draft-ietf-lamps-pq-composite-kem-19,,EPA-Cybersecurity-for-the-Water-Sector,driver,,none,,none,,,none,,mandated,China SCA/OSCCA commercial cryptography product certification (Cryptography Law Art.26 -- China-market modules only),all-of,China-Cryptography-Law-2019-NPC,,,
Water / Wastewater,water-dams,Dam & hydropower remote access,Waves,ike-ipsec,ike-ipsec,none,RSA;ECDH,,none,FERC's hydropower security program covers certificate-based remote access to dam control systems — classical VPN cryptography guarding kinetic infrastructure.,,FERC Security Program for Hydropower Projects,https://www.ferc.gov/dam-safety-and-inspections/security-program-hydropower-projects,ferc,threats/WATER-005.html,no,FERC,0.85,2026-07-29,active,,,energy-utilities-pqc,vpn-sim;sbx-vpn,IETF RFC 7296;RFC 8784,,FERC-Security-Program-for-Hydropower-Projects-Division-of-Da,driver,,none,,none,,,none,,mandated,China SCA/OSCCA commercial cryptography product certification (Cryptography Law Art.26 -- China-market modules only),all-of,China-Cryptography-Law-2019-NPC,,,
Insurance,ins-policyholder-data,Policyholder data & HNDL exposure,Database,tls-1-3;tls-1-2,tls-1-3,standardised,RSA;ECDSA;ECDH,ML-KEM,none,"Insurers hold decades-sensitive policyholder and claims data behind TLS and classically-encrypted stores; Munich Re's 2025 cyber-trends report flags harvest-now-decrypt-later theft and the NIST PQC transition (RSA vulnerable to quantum decryption, protection horizon ~2030) as a sector concern.",,Munich Re — Cyber Insurance: Risks and Trends 2025 (quantum computing security section),https://www.munichre.com/en/insights/cyber/cyber-insurance-risks-and-trends-2025.html,munich-re,industry-landscape/ins-munichre-cyber-trends-2025.html,no,,0.8,2026-07-29,active,,,pqc-risk-management,tls-simulator;envelope-encrypt,RFC-9846-The-Transport-Layer-Security-TLS-Protocol-Version-1;draft-ietf-tls-ecdhe-mlkem-05,,Munich-Re-Cyber-Insurance-Risks-and-Trends-2025,technical,,none,,none,,,none,,none,,,NY-DFS-23-NYCRR-500-A2;NAIC-Insurance-Data-Security-Model-Law-MDL-668;DORA-REG-2022-2554,,,
Insurance,ins-cyber-underwriting,Cyber underwriting & quantum accumulation risk,ClipboardCheck,,,none,,,none,Cyber insurers carry accumulation exposure if a cryptographically relevant quantum computer breaks the RSA/ECDSA protecting their insureds en masse; Munich Re's 2025 cyber-trends report treats the PQC transition as an underwriting-relevant risk trend.,,Munich Re — Cyber Insurance: Risks and Trends 2025 (quantum computing security section),https://www.munichre.com/en/insights/cyber/cyber-insurance-risks-and-trends-2025.html,munich-re,industry-landscape/ins-munichre-cyber-trends-2025.html,no,,0.8,2026-07-29,active,,,pqc-risk-management,sbx-cbom-compliance;sbx-migration-impact,,"Underwriting and accumulation modelling are actuarial processes, not a wire protocol.",Munich-Re-Cyber-Insurance-Risks-and-Trends-2025,,,none,,none,,,none,,none,,,Munich-Re-Cyber-Insurance-Risks-and-Trends-2025,,,
Payment Card Industry,Mastercard-PQC-industry-awareness-payment-ecosystem-quantum,Mastercard PQC industry awareness (payment ecosystem quantum-migration whitepaper),Lock,tls-1-3,tls-1-3,standardised,RSA;ECDSA,ML-KEM;ML-DSA;SLH-DSA,none,"Mastercard's 2025 R&D white paper (verified 2026-07-31 from the downloaded PDF). Frames HNDL as the central driver and compares PQC against Quantum Key Distribution (QKD) as the two quantum-safe technology categories, favoring PQC for deployability. Cites industry-wide TLS 1.3 PQC adoption data from Cloudflare (nearly 2% of connections by March 2024, reaching double digits by end of 2024) as evidence of momentum -- this is an internet-wide statistic the paper quotes, not a claim about Mastercard's own network. States no QKD trial or pilot of its own. Its concrete recommendation to financial institutions is to invest in cryptographic inventory tooling now, 'regardless of the timeline for PQC migration that it deems to be ideal' -- the paper does not commit to a specific readiness timeline (no 3- or 5-year figure appears in the text).",,Mastercard — Migration to Post-Quantum Cryptography (WhitePaper 2025),https://www.mastercard.com/content/dam/mccom/shared/news-and-trends/stories/2025/quantum-explainer-and-white-paper/Migration-to-post-quantum-cryptography-WhitePaper_2025.pdf,mastercard-incorporated,industry-landscape/Mastercard-PQC-industry-awareness-payment-ecosystem-quantum.pdf,no,,0.85,2026-08-13,active,,,emv-payment-pqc,tls-simulator;sbx-migration-impact;sbx-cbom-compliance,RFC-9846-The-Transport-Layer-Security-TLS-Protocol-Version-1;draft-ietf-tls-ecdhe-mlkem-05;draft-ietf-tls-mldsa-04;FIPS 205,,Mastercard-Migration-to-Post-Quantum-Cryptography-White-Pape,technical,,none,,none,,,none,,none,,,,,,
Cross-Industry,cross-openpgp,OpenPGP email & file encryption,Mail,openpgp,openpgp,standardised,RSA;ECDH;X25519,ML-KEM;ML-DSA;SLH-DSA,draft,"OpenPGP messaging and file encryption use RSA and ECDH/X25519 key establishment with RSA/EdDSA signatures; the OpenPGP PQC extension specifies composite ML-KEM+ECDH encryption, composite ML-DSA signatures and standalone SLH-DSA for long-lived archives.",,draft-ietf-openpgp-pqc — Post-Quantum Cryptography in OpenPGP,https://datatracker.ietf.org/doc/draft-ietf-openpgp-pqc/,ietf,library/draft-ietf-openpgp-pqc-17.html,yes,IETF,0.85,2026-08-15,active,,,,,draft-ietf-openpgp-pqc-17,,draft-ietf-openpgp-pqc-17,technical,,none,,none,,,none,,none,,all-of,draft-ietf-openpgp-pqc-17,,,
Cross-Industry,cross-dnssec,DNSSEC zone signing,Globe,dnssec,dnssec,proposed,RSA;ECDSA,ML-DSA;SLH-DSA,none,"DNSSEC zone and record signing uses RSA and ECDSA; post-quantum adoption is constrained by signature size against DNS message limits, and the active proposals explore SLH-DSA with Merkle Tree Ladder mode and ML-DSA rather than a drop-in replacement.",,draft-fregly-dnsop-slh-dsa-mtl-dnssec — SLH-DSA with MTL mode for DNSSEC,https://datatracker.ietf.org/doc/draft-fregly-dnsop-slh-dsa-mtl-dnssec/,ietf,library/draft-fregly-dnsop-slh-dsa-mtl-dnssec-06.html,no,IETF,0.8,2026-08-15,active,,,,,draft-fregly-dnsop-slh-dsa-mtl-dnssec-06,,draft-fregly-dnsop-slh-dsa-mtl-dnssec-06,technical,,mandated,140-3 L3,none,,,none,,none,,all-of,ICANN-Root-Zone-KSK-DPS-8th-Edition;draft-fregly-dnsop-slh-dsa-mtl-dnssec-06,,,
IT Industry / Software,it-kerberos,Kerberos PKINIT enterprise authentication,KeyRound,kerberos,kerberos,in-progress,RSA;ECDH,ML-KEM,none,"Kerberos' core ticket exchange is symmetric and not directly quantum-exposed, but PKINIT — the public-key path used for smart-card and certificate-based initial authentication — relies on RSA and ECDH key transport; an active draft specifies ML-KEM encapsulation for that exchange.",,Post-quantum Key Encapsulation with ML-KEM in PKINIT for Kerberos,https://datatracker.ietf.org/doc/draft-ietf-kitten-pq-kerberos/,ietf,library/Post-quantum-Key-Encapsulation-with-ML-KEM-in-Public-Key-Cry.html,no,IETF,0.8,2026-08-15,active,,,crypto-dev-apis,,Post-quantum-Key-Encapsulation-with-ML-KEM-in-Public-Key-Cry,,Post-quantum-Key-Encapsulation-with-ML-KEM-in-Public-Key-Cry,technical,,none,,none,,,none,,none,,all-of,IETF RFC 4556,,,
Telecommunications,telco-routing,Routing security (RPKI / BGPsec),Network,rpki-bgpsec,rpki-bgpsec,in-progress,ECDSA,ML-DSA,none,"RPKI route-origin authorisations and BGPsec per-hop path signatures are ECDSA P-256 throughout; a post-quantum signature profile and migration plan proposes ML-DSA, with signature size and per-hop verification cost as the binding constraints.",,Post-Quantum Signature Algorithm Profile and Migration Considerations for RPKI,https://datatracker.ietf.org/doc/draft-ietf-sidrops-pq-signature/,ietf,library/Post-Quantum-Signature-Algorithm-Profile-and-Migration-Consi.html,no,IETF,0.8,2026-08-15,active,,,5g-security,,Post-Quantum-Signature-Algorithm-Profile-and-Migration-Consi,,Post-Quantum-Signature-Algorithm-Profile-and-Migration-Consi,technical,,de-facto,140-3 L4,none,,,none,,mandated,China SCA/OSCCA commercial cryptography product certification (Cryptography Law Art.26 -- China-market modules only),all-of,Post-Quantum-Signature-Algorithm-Profile-and-Migration-Consi;IETF-RFC-6484;China-Cryptography-Law-2019-NPC,,,
Cryptocurrency / Blockchain,crypto-solana-signing,Solana account & transaction signing,KeyRound,,,proposed,EdDSA,FN-DSA,none,"Solana accounts are identified by Ed25519 public keys and every transaction — including validator vote transactions, which are ordinary transactions in Solana's architecture rather than a separate consensus scheme — carries a 64-byte Ed25519 signature per signer. SIMD-0461 proposed a Falcon (FN-DSA) verification syscall as an exploratory, verification-only addition that would not replace Ed25519; its own author closed the PR in 2026-06 for lack of demand in favor of a separate SBF-native implementation, and as of 2026-08 the network has not committed to any PQC migration strategy.",,Solana Docs — Transactions,https://solana.com/docs/core/transactions,solana-foundation,library/Solana-Docs-Transactions.html,no,Solana Foundation,0.85,2026-08-16,active,,,digital-assets,solana-flow,Solana-Docs-Transactions;SIMD-0461-Falcon-FN-DSA-Signature-Verification-Precompile,"Solana's wire/gossip protocol is chain-specific, not a standardised network protocol tracked by the matrix.",Solana-Docs-Transactions,,,none,,none,,,none,,none,,,Solana-Docs-Transactions,,,
Cryptocurrency / Blockchain,crypto-cardano-signing,Cardano wallet & transaction signing,KeyRound,,,none,EdDSA,,none,"Cardano wallets derive keys via ED25519-BIP32 (CIP-3): a 96-byte extended private key made of a 64-byte extended Ed25519 secret key plus a 32-byte chain code, enabling BIP-32-style hierarchical derivation over the Ed25519 curve. The Icarus scheme is current and recommended; the original Byron scheme is deprecated. IOG's Vision 2026 research program lists signatures among the primitives it aims to eventually replace with post-quantum alternatives, but as of 2026-08 no specific PQC signature family has been named for wallet signing.",,CIP-3 — Wallet Key Generation,https://cips.cardano.org/cip/CIP-3,cardano-foundation,library/CIP-3-Wallet-key-generation-BIP32-Ed25519.html,no,,0.85,2026-08-16,active,,,digital-assets,,CIP-3-Wallet-key-generation-BIP32-Ed25519,"Cardano's wallet key-derivation scheme is a chain-specific standard (CIP-3), not a standardised network protocol tracked by the matrix.",CIP-3-Wallet-key-generation-BIP32-Ed25519,technical,,none,,none,,,none,,none,,,CIP-3-Wallet-key-generation-BIP32-Ed25519,,,
Cryptocurrency / Blockchain,crypto-cardano-consensus,Cardano Ouroboros consensus (VRF + KES),Network,,,none,EdDSA,,none,"Cardano's Ouroboros Praos consensus uses two Ed25519-based primitives in production: a verifiable random function (VRF suite ECVRF-ED25519-SHA512-ELL2, RFC 9381's suite 0x04) for private, unbiasable slot-leader election, and a Key-Evolving Signature scheme (Sum6Kes — the 'sum' forward-secure construction over Ed25519, 2^6 = 64 key evolutions) for block signing. The academic Ouroboros Praos paper describes both primitives abstractly without naming a curve; the concrete Ed25519 instantiation is IOG's own engineering choice. IOG's Vision 2026 research program names a 'novel post-quantum VRF' and PQC replacements for KES among its research goals, explicitly framed as early-stage science with no committed timeline and no specific PQC algorithm family named yet.",,"Ouroboros Praos: An Adaptively-Secure, Semi-synchronous Proof-of-Stake Protocol",https://eprint.iacr.org/2017/573.pdf,iacr-eprint,library/Ouroboros-Praos-An-Adaptively-Secure-Semi-synchronous-Proof.pdf,yes,EUROCRYPT 2018,0.9,2026-08-16,active,,,digital-assets,,Cardano-cardano-crypto-praos-VRF-suite-ECVRF-ED25519-SHA512;input-output-hk-kes-Cardano-Key-Evolving-Signatures-Sum6Kes,"Cardano's Ouroboros consensus is a chain-specific protocol layer, not a standardised network protocol tracked by the matrix.",Ouroboros-Praos-An-Adaptively-Secure-Semi-synchronous-Proof,driver,input-output-hk-kes;cardano-crypto-praos,none,,none,,,none,,none,,,Ouroboros-Praos-An-Adaptively-Secure-Semi-synchronous-Proof;Cardano-cardano-crypto-praos-VRF-suite-ECVRF-ED25519-SHA512;input-output-hk-kes-Cardano-Key-Evolving-Signatures-Sum6Kes,,,
Cryptocurrency / Blockchain,crypto-defi-multisig,DeFi multisig treasury wallets,Wallet,,,none,ECDSA,,none,"Safe (formerly Gnosis Safe), the dominant DeFi multisig standard, enforces an M-of-N owner threshold on-chain: checkNSignatures() requires signatures from at least the configured threshold of owners, each verified independently via ecrecover (ECDSA/secp256k1), with owner addresses checked in strict ascending order to prevent duplicates. This is a plain multisig — N independent classical signatures checked against a count — not a cryptographic threshold-signature scheme (no MPC key-splitting). Safe also accepts EIP-1271 contract signatures and, more recently, secp256r1 (passkey) signatures via the RIP-7212 precompile, but the underlying primitive for owner keys remains classical ECDSA.",,Safe{Wallet} — Safe.sol (multisig signature verification),https://raw.githubusercontent.com/safe-global/safe-smart-account/main/contracts/Safe.sol,safe-global,library/Safe-Wallet-Safe-sol-multisig-signature-verification.html,no,,0.85,2026-08-16,active,,,digital-assets,,Safe-Wallet-Safe-sol-multisig-signature-verification,"Multisig verification is an on-chain smart-contract mechanism, not a standardised network protocol tracked by the matrix.",Safe-Wallet-Safe-sol-multisig-signature-verification,technical,Safe-Smart-Account,none,,none,,,none,,none,,,Safe-Wallet-Safe-sol-multisig-signature-verification,,,
Cryptocurrency / Blockchain,crypto-defi-bridge,Cross-chain bridge attestation,Cable,,,none,ECDSA,,none,"Wormhole, a major cross-chain bridge, secures message passing with a 19-member Guardian network. Each Guardian independently signs a keccak256 double-hash of the message body with ECDSA (secp256k1); once 13 of 19 (two-thirds supermajority) signatures are collected, they are combined with the message and metadata into a VAA (Verifiable Action Approval) for on-chain verification. Like Safe's multisig, this is N independent classical signatures checked against a threshold count, not an aggregated cryptographic threshold signature.",,Wormhole Docs — VAAs (Guardian signature scheme),https://wormhole.com/docs/protocol/infrastructure/vaas/,wormhole-foundation,library/Wormhole-Docs-VAAs-Guardian-signature-scheme.html,no,,0.85,2026-08-16,active,,,digital-assets,,Wormhole-Docs-VAAs-Guardian-signature-scheme,"Cross-chain bridge attestation is a chain-specific/protocol-specific mechanism (Wormhole's Guardian network), not a standardised network protocol tracked by the matrix.",Wormhole-Docs-VAAs-Guardian-signature-scheme,technical,,none,,none,,,none,,none,,,Wormhole-Docs-VAAs-Guardian-signature-scheme,,,
Cryptocurrency / Blockchain,crypto-defi-oracle,DeFi oracle price/data feeds,Radio,,,none,ECDSA;EdDSA,,none,"Chainlink's Off-chain Reporting protocol (OCR3), the dominant DeFi price oracle mechanism, uses two signature layers: protocol-internal consensus among oracle nodes is 'typically' signed with EdDSA, while the final on-chain attestation that a consuming smart contract actually verifies is 'typically implemented by ECDSA' — both are described as elliptic-curve schemes chosen 'depending on context and the target blockchain', not a single fixed algorithm. No aggregated/threshold signature (e.g. BLS) is used despite OCR combining many nodes' reports into one on-chain transaction.",,Chainlink Off-chain Reporting Protocol 3.0 (OCR3),https://research.chain.link/ocr3.pdf,chainlink-labs,library/Chainlink-Off-chain-Reporting-Protocol-3-0-OCR3.pdf,no,,0.85,2026-08-16,active,,,digital-assets,,Chainlink-Off-chain-Reporting-Protocol-3-0-OCR3,"Oracle reporting is a chain-agnostic, protocol-specific mechanism (Chainlink's OCR), not a standardised network protocol tracked by the matrix.",Chainlink-Off-chain-Reporting-Protocol-3-0-OCR3,technical,,none,,none,,,none,,none,,,Chainlink-Off-chain-Reporting-Protocol-3-0-OCR3,,,
Cryptocurrency / Blockchain,crypto-polkadot-signing,Polkadot account signing & BABE consensus,KeyRound,,,none,Schnorr;EdDSA;ECDSA,,none,"Polkadot/Substrate accounts support three separate signature schemes: sr25519 (Schnorrkel — Schnorr signatures over Ristretto-compressed Curve25519, the default), Ed25519, and ECDSA over secp256k1 — the official wiki is explicit these are three distinct options, not curve variants of one scheme. sr25519 is dual-purpose like Solana's Ed25519: the same keys back BABE block-production consensus, which needs a verifiable random function for slot-leader election as well as ordinary signing — sr25519 provides both. sr25519 also supports native key aggregation and hierarchical derivation (HDKD) that plain Ed25519 lacks.",,"Polkadot Wiki — Cryptography (sr25519, BABE)",https://wiki.polkadot.com/learn/learn-cryptography/,web3-foundation,library/Polkadot-Wiki-Cryptography-sr25519-BABE.html,no,,0.85,2026-08-16,active,,,digital-assets,,Polkadot-Wiki-Cryptography-sr25519-BABE,"Polkadot's account signing and BABE consensus are chain-specific mechanisms, not standardised network protocols tracked by the matrix.",Polkadot-Wiki-Cryptography-sr25519-BABE,technical,Schnorrkel,none,,none,,,none,,none,,,Polkadot-Wiki-Cryptography-sr25519-BABE,,,
Cryptocurrency / Blockchain,crypto-cosmos-signing,Cosmos account signing & CometBFT consensus,KeyRound,,,in-progress,EdDSA,ML-DSA,pilot,"CometBFT, the consensus engine underlying the Cosmos Hub and every Cosmos SDK chain, signs validator votes/precommits with Ed25519 — 'currently CometBFT uses Ed25519 keys which are widely supported across the security sector and HSMs.' Cosmos SDK v0.55.0 (2026-07-27) shipped real, opt-in ML-DSA-65 (FIPS 204) support for BOTH validator consensus keys and user account keys — mnemonic keyring creation, transaction signing/verification, multisig, and genesis key-rotation support, all PR-linked in the release changelog. This is a meaningfully stronger PQC story than most chains: real, shipped, testable code rather than a proposal or a research roadmap — but chains built on the SDK still default to Ed25519-only consensus keys in genesis, so no production chain has adopted it yet.",,CometBFT Docs — Validators (Ed25519 consensus signing),https://docs.cosmos.network/cometbft/v0.38/docs/core/Validators,cosmos-interchain,library/CometBFT-Docs-Validators-Ed25519-consensus-signing.html,no,,0.9,2026-08-16,active,,,digital-assets,,CometBFT-Docs-Validators-Ed25519-consensus-signing;cosmos-sdk-CHANGELOG-ML-DSA-65-FIPS-204-validator-account-ke,"Cosmos consensus signing is a chain-specific mechanism (CometBFT), not a standardised network protocol tracked by the matrix.",CometBFT-Docs-Validators-Ed25519-consensus-signing,technical,Cosmos-SDK,none,,none,,,none,,none,,,CometBFT-Docs-Validators-Ed25519-consensus-signing,,,
Cryptocurrency / Blockchain,crypto-avalanche-signing,Avalanche account & transaction signing,KeyRound,,,none,ECDSA,,none,"Avalanche's virtual machine uses secp256k1 ECDSA for transaction signing; X-Chain and P-Chain addresses hash the ECDSA public key, following the same approach as Bitcoin. No post-quantum work was found for this specific mechanism.",,Avalanche Docs — Cryptographic Primitives,https://build.avax.network/docs/api-reference/standards/cryptographic-primitives,ava-labs-avalanche-foundation,library/Avalanche-Docs-Cryptographic-Primitives.html,no,,0.85,2026-08-16,active,,,digital-assets,,Avalanche-Docs-Cryptographic-Primitives,"Avalanche transaction signing is a chain-specific mechanism, not a standardised network protocol tracked by the matrix.",Avalanche-Docs-Cryptographic-Primitives,technical,,none,,none,,,none,,none,,,Avalanche-Docs-Cryptographic-Primitives,,,
Cryptocurrency / Blockchain,crypto-avalanche-icm,Avalanche interchain messaging (BLS aggregation),Cable,,,none,BLS,,none,"Avalanche Interchain Messaging (ICM, formerly Avalanche Warp Messaging) uses BLS signatures for cross-subnet message attestation: every validator holds a BLS key pair, and signatures from a threshold of the source subnet's stake are combined into a single aggregated BLS multi-signature — a genuine cryptographic threshold signature, unlike the plain N-independent-signature multisig Wormhole and Safe use for the same class of problem.",,Avalanche Docs — What is ICM? (Warp Messaging),https://build.avax.network/docs/cross-chain/avalanche-warp-messaging/overview,ava-labs-avalanche-foundation,library/Avalanche-Docs-What-is-ICM-Warp-Messaging-BLS.html,no,,0.85,2026-08-16,active,,,digital-assets,,Avalanche-Docs-What-is-ICM-Warp-Messaging-BLS,"Avalanche interchain messaging is a chain-specific protocol, not a standardised network protocol tracked by the matrix.",Avalanche-Docs-What-is-ICM-Warp-Messaging-BLS,technical,,none,,none,,,none,,none,,,Avalanche-Docs-What-is-ICM-Warp-Messaging-BLS,,,
Cryptocurrency / Blockchain,crypto-arbitrum-anytrust,Arbitrum AnyTrust data-availability attestation,Cable,,,none,BLS,,none,"Arbitrum's AnyTrust L2s (a lower-cost variant of Nitro rollups) rely on a Data Availability Committee rather than posting full data to Ethereum L1. Each committee member signs a (data hash, expiry) pair with a BLS key; once enough members respond, the sequencer aggregates the signatures into a single BLS12-381 aggregated signature (a DACert) posted to the L1 inbox contract — the same underlying curve as Ethereum's own consensus-layer BLS, and, like Avalanche's interchain messaging, a genuine aggregated threshold signature rather than a plain N-signature multisig. Base transaction signing on both Arbitrum and Optimism is inherited, unmodified Ethereum secp256k1 ECDSA — Optimism's own sequencer and its permissionless Fault Proof dispute system have no comparably distinct signature mechanism of their own, so neither warrants a separate row here.",,Arbitrum Docs — Inside AnyTrust,https://docs.arbitrum.io/inside-anytrust,offchain-labs,library/Arbitrum-Docs-Inside-AnyTrust-DAC-BLS-signing.html,no,,0.85,2026-08-16,active,,,digital-assets,,Arbitrum-Docs-Inside-AnyTrust-DAC-BLS-signing,"Arbitrum AnyTrust's data-availability attestation is a chain-specific protocol, not a standardised network protocol tracked by the matrix.",Arbitrum-Docs-Inside-AnyTrust-DAC-BLS-signing,technical,,none,,none,,,none,,none,,,Arbitrum-Docs-Inside-AnyTrust-DAC-BLS-signing,,,
Education / Research,edu-network-backbone,R&E network backbone transport,Network,,,in-progress,,ML-KEM,pilot,"Distinct from identity federation (SAML/eduroam, still classical-only): Internet2 ran a live PQC demonstration with Ciena and Purism on a 1,390-mile segment of its national research-and-education backbone — 'FIPS 203-compliant solution was used for both quantum-safe encryption and quantum-safe key exchange' at 10 Gbps line rate, the network-transport layer rather than the application/identity layer.",,Internet2 — PQC Demo on the National Backbone,https://internet2.edu/demo-achieves-post-quantum-cryptography-on-the-internet2-national-backbone/,internet2,library/Internet2-PQC-Demo-on-the-National-Backbone.html,no,,0.85,2026-08-16,active,,,research-quantum-impact,,Internet2-PQC-Demo-on-the-National-Backbone,"A one-off long-haul backbone demonstration, not a standardised network protocol tracked by the matrix.",Internet2-PQC-Demo-on-the-National-Backbone,technical,,none,,none,,,none,,none,,all-of,Internet2-PQC-Demo-on-the-National-Backbone,,,
IT Industry / Software,it-composite-certs,Composite/hybrid X.509 certificate signing,FileSignature,,,in-progress,RSA;ECDSA;EdDSA,ML-DSA,draft,"Distinct from plain WebPKI ML-DSA adoption (it-webpki): IETF LAMPS' composite-signature draft (draft-ietf-lamps-pq-composite-sigs-19, now in the RFC Editor Queue) defines certificate authorities signing X.509 certs with ML-DSA combined with a traditional algorithm — RSASSA-PKCS1-v1.5, RSASSA-PSS, ECDSA, Ed25519, or Ed448 — in one composite signature, so a certificate stays valid if either the classical or the post-quantum component is later broken.",,draft-ietf-lamps-pq-composite-sigs-19 (RFC Editor Queue),https://www.ietf.org/archive/id/draft-ietf-lamps-pq-composite-sigs-19.html,ietf-internet-drafts,library/IETF-LAMPS-Composite-ML-DSA-Signatures-draft-19-RFC-Ed-Queue.html,no,IETF LAMPS WG,0.9,2026-08-16,active,,,crypto-dev-apis,,IETF-LAMPS-Composite-ML-DSA-Signatures-draft-19-RFC-Ed-Queue,"Composite certificate signing is a PKI/CA practice defined by an Internet-Draft, not yet a protocol row the matrix tracks separately from X.509 itself.",IETF-LAMPS-Composite-ML-DSA-Signatures-draft-19-RFC-Ed-Queue,technical,,mandated,140-3 L3,mandated,"not specified (""an appropriate Common Criteria Protection Profile or Security Target"")",not specified,none,,none,,any-of,CABF-TLS-BR-v2-2-9,,,
Internet of Things (IoT),iot-esim-provisioning,eSIM remote provisioning (RSP),Signal,,,in-progress,ECDH;ECDSA,ML-KEM;ML-DSA;SLH-DSA,draft,"Distinct from generic device provisioning (iot-provisioning, federal-guidance-sourced) and industrial OT: GSMA's PQ.04 guidance names cellular/eSIM-specific exposure — 'RSP for IoT is vulnerable to quantum attacks due to the recommended use of TLS, DTLS and recommended cipher suites that include asymmetric cryptography (e.g. in form of ECDHE, ECDSA, etc.)' — and states 'The GSMA eSIM Group is actively working on a PQC version of RSP,' targeting ML-KEM, ML-DSA, and SLH-DSA per the NIST FIPS 203/204/205 standards.",,GSMA PQ.04 — Post-Quantum Cryptography in the IoT Ecosystem,https://www.gsma.com/solutions-and-impact/technologies/security/wp-content/uploads/2025/02/PQ.04-Post-Quantum-Cryptography-in-IoT-Ecosystem-v1.0.pdf,gsma,library/GSMA-PQ-04-Post-Quantum-Cryptography-in-the-IoT-Ecosystem.pdf,no,GSMA,0.9,2026-08-16,active,,,iot-ot-pqc,,GSMA-PQ-04-Post-Quantum-Cryptography-in-the-IoT-Ecosystem,"eSIM Remote SIM Provisioning is a chain-specific GSMA protocol, not a standardised network protocol tracked by the matrix.",GSMA-PQ-04-Post-Quantum-Cryptography-in-the-IoT-Ecosystem,technical,,none,,mandated,IC/HW: BSI-CC-PP-0084/0035; eUICC software: GSMA SGP.25 = BSI-CC-PP-0100 V2-2025,"BSI / SOG-IS (EUCC route via ENISA, voluntary)",none,,mandated,GSMA SAS-UP (eUICC production) + SAS-SM (SM-DP+/SM-DS); EU CRA Annex IV item 3 triggers mandatory conformity assessment from 2027-12-11,all-of,GSMA-PQ-04-Post-Quantum-Cryptography-in-the-IoT-Ecosystem;GSMA-SGP24-v2-4-4;BSI-CC-PP-0100-V2-2025-eUICC;ENISA-eUICC-EUCC;EU-CRA-REG-2024-2847,,,
Legal / Notary / eSignature,leg-pdf-signing,PDF post-quantum signatures,FileSignature,,,proposed,,ML-DSA;SLH-DSA,draft,"Distinct from the EU eIDAS/AdES-weighted rows elsewhere in this sector: in May 2025, PDF vendor BFO and Adobe (which operates the Adobe Approved Trust List) exchanged the first PDFs signed with ML-DSA, followed shortly by SLH-DSA — leading to an agreement at PDF Days 2025 to formally add both algorithms to the PDF specification. This is real, already-happened vendor interoperability testing, not yet a ratified PDF/ISO 32000 specification change — the formal spec text had not landed as of this citation.",,BFO — Post-Quantum Cryptography Is Coming to PDF,https://bfo.com/blog/2025/09/30/post_quantum_cryptography_is_coming_to_pdf/,bfo,library/BFO-Post-Quantum-Cryptography-Is-Coming-to-PDF.html,no,,0.6,2026-08-16,active,,,trust-services-pqc,,BFO-Post-Quantum-Cryptography-Is-Coming-to-PDF,"PDF digital signatures are an application-layer document format feature, not a standardised network protocol tracked by the matrix.",BFO-Post-Quantum-Cryptography-Is-Coming-to-PDF,technical,,mandated,140-3 L3,mandated,EN 419211 Parts 1-6 (user-managed QSCD); EN 419241-2:2019 / EN 419221-5:2018 (remote QSCD) (EAL 4+),EUCC,none,,none,,any-of,CIR-EU-2025-1943-Qualified-Certificates-Reference-Standards,"FIPS 140-3 L3 is accepted only until 2030-12-31 as one of three alternative routes (CIR (EU) 2025/1943 Annex I: ""until 31.12.2030, FIPS PUB 140-3 level 3""). After that date Common Criteria/EUCC EAL4+ becomes the SOLE certification route -- the any-of logic above stops applying and this becomes CC-only.",2030-12-31,CIR-EU-2025-1943-Qualified-Certificates-Reference-Standards
Retail & E-Commerce,retail-pin-keys,POS/PIN symmetric key management,CreditCard,,,none,AES,,none,"PCI SSC's own guidance on PIN-encryption key management: 'the PCI SSC recommends that entities... migrate to AES as it is a stronger cryptographic algorithm' than the legacy Triple DES (TDES), with both required to be managed in ANSI X9 key blocks. This is a symmetric-algorithm modernization (TDES to AES), distinct from and unrelated to post-quantum migration.",,PCI SSC — Key Blocks 101/104 (AES/TDES key management),https://blog.pcisecuritystandards.org/key-blocks-104,pci-ssc,library/PCI-SSC-Key-Blocks-101-104-AES-TDES-key-management.html,no,PCI Security Standards Council,0.85,2026-08-16,active,,,emv-payment-pqc,,PCI-SSC-Key-Blocks-101-104-AES-TDES-key-management,"PIN-block key management is a PCI PTS device requirement, not a standardised network protocol tracked by the matrix.",PCI-SSC-Key-Blocks-101-104-AES-TDES-key-management,technical,,mandated,140-3 L3,none,,,mandated,PCI PTS HSM (version not specified),none,,any-of,PCI-PIN-v3-1-ROC-Reporting-Template;PCI-PTS-HSM-Modular-Security-Requirements-v4-0,"PCI PTS HSM v5.0 was published 2026-05-18 and adds, per PCI SSC's own announcement, ""support for post-quantum cryptography considerations"" and new definitions covering PQC -- terminology and guidance, not a mandated PQC algorithm or parameter set. v4.0 (the version currently cited) remains usable for NEW device-security approvals until 2027-06-30 per PCI SSC's own bulletin; no v5.0-specific PQC deadline has been published.",2027-06-30,PCI-SSC-Blog-Publishes-PTS-HSM-v5-0;PCI-SSC-Bulletin-PTS-HSM-v4-Extension
Retail & E-Commerce,retail-digital-wallet,Digital wallet & strong customer authentication,CreditCard,,,none,ECDH;SHA,,none,"Digital-wallet checkout (Apple Pay): Apple's own developer docs name 'calculating an SHA-1 hash... and performing elliptic curve Diffie-Hellman key exchange' for payment-token processing, plus 'a PKCS #7 signature' without naming which signature algorithm. W3C's Secure Payment Confirmation spec (WebAuthn-based strong customer authentication) separately names ES256/RS256 — the JOSE aliases for ECDSA/RSA — in its authentication examples, informationally noted here though not used as a structured mechanism citation. No post-quantum work found for either.",,Apple Pay Guide — Process Payment,https://developer.apple.com/library/archive/ApplePay_Guide/ProcessPayment.html,apple,library/Apple-Pay-Guide-Process-Payment-ECDH-SHA.html,no,,0.85,2026-08-16,active,,,emv-payment-pqc,,Apple-Pay-Guide-Process-Payment-ECDH-SHA,"Digital-wallet payment processing is an application-layer protocol suite (PKCS#7, WebAuthn), not a single standardised network protocol tracked by the matrix.",Apple-Pay-Guide-Process-Payment-ECDH-SHA,technical,,none,,none,,,none,,none,,,,,,
Hardware Security Modules,hsm-certified-product,Certified PQC-capable HSM product,Lock,,,adopted,,ML-KEM;ML-DSA;SLH-DSA;LMS;XMSS,production,"A deployed-product complement to the interface-spec rows elsewhere in this sector (PKCS#11 v3.2, KMIP 2.1): Securosys' Primus HSM CyberVault Series 'implements the HSS-LMS and XMSS algorithms and has already received NIST certification for the recently released ML-KEM, ML-DSA, and SLH-DSA algorithms,' per the vendor's own announcement. Vendor-stated; not independently cross-checked against the CMVP validated-modules database in this pass.",,Securosys — Primus HSM CyberVault Series (PQC-ready),https://www.securosys.com/en/news/securosys-launches-next-generation-hsm-pqc-ready,securosys-sa,library/Securosys-Primus-HSM-CyberVault-PQC-ready.html,no,,0.6,2026-08-16,active,,,hsm-pqc,,Securosys-Primus-HSM-CyberVault-PQC-ready,"A certified hardware product, not a standardised network protocol tracked by the matrix.",Securosys-Primus-HSM-CyberVault-PQC-ready,technical,,de-facto,140-3 L3,de-facto,EN 419221-5 + EN 419241-2,EUCC,none,,none,,any-of,Securosys-Primus-HSM-CyberVault-PQC-ready;NIST-CMVP-MIP-List;CIR-EU-2024-482-EUCC-Cybersecurity-Certification-Scheme;ETSI-EN-319-411,"The FIPS 140-3 Level 3 module certificate cited above is not yet issued -- Securosys Primus HSM sits on the NIST CMVP Modules-In-Process list at status ""Review"" (updated 2026-07-30). Its currently-HELD certificates (#4583, #3430) are FIPS 140-2 Level 3, which move to the CMVP Historical List on 2026-09-21 -- a real gap between the vendor's public claim and its actual current validation status.",2026-09-21,NIST-CMVP-MIP-List;NIST-CMVP-140-2-to-140-3-Transition-Timeline
Telecommunications,telco-air-interface,5G radio air-interface ciphering (NEA/NIA),Antenna,,,none,SNOW3G;AES;ZUC,,production,"3GPP mandates three interchangeable ciphering/integrity algorithm options for the 5G radio air interface: 128-NEA1/NIA1 (SNOW 3G based), 128-NEA2/NIA2 (128-bit AES), and 128-NEA3/NIA3 (ZUC based) — confirmed directly in TS 33.501's own algorithm-identifier tables, not inferred. All three are symmetric, so none carry a NIST PQC KEM/signature component; their quantum exposure is purely Grover's-algorithm key-length erosion. 3GPP has already published (not merely proposed) a real 256-bit uplift path for Release 19 — TS 35.240/243/246 define 256-NEA4/5/6 (Snow-5G-, AES-, and ZUC-based respectively) — fetched and confirmed 2026-08-16; not yet added as a landscape claim because Snow-5G is a genuinely distinct cipher from SNOW 3G, not a parameter variant, and needs its own vocabulary entry rather than reusing the SNOW3G family name.",,Security architecture and procedures for 5G System (TS 33.501),https://www.etsi.org/deliver/etsi_ts/133500_133599/133501/19.05.00_60/ts_133501v190500p.pdf,3gpp,library/3GPP_TS_33.501_Rel-19.pdf,no,3GPP,0.9,2026-08-16,active,,,5g-security,,3GPP TS 33.501 Rel-19,"NEA1-3/NIA1-3 are 3GPP air-interface algorithm identifiers, not a protocol tracked by the Algorithms > Protocol Support matrix.",3GPP TS 33.501 Rel-19,technical,,none,,none,,,none,,mandated,India NCCS ComSec/ITSAR (5G ITSARs); China SCA/OSCCA (Art.26). Voluntary: GSMA NESAS,all-of,3GPP TS 33.501 Rel-19;China-Cryptography-Law-2019-NPC,,,
Payment Card Industry,pci-pboc-cards,China domestic scheme cards (PBOC 3.0 / UnionPay),CreditCard,,,none,SM2,,production,"Chinas PBOC 3.0 card specification runs a dual-algorithm design: international EMV cards use RSA/ECDSA, while domestic-scheme (UnionPay) cards may authenticate with SM2, the State Cryptography Administrations national elliptic-curve signature algorithm (GM/T 0003). A certified PBOC 3.0 smart card product (ACS ACOSJ-P) lists ""SM2/SM3/SM4"" as a cryptographic feature directly alongside its ""Compliant with PBOC 3.0 Debit/Credit"" certification line, confirming real deployment rather than a paper option. No PQC migration story exists for this domestic scheme yet.",,ACS ACOSJ-P PBOC 3.0 DC/EC Card — Product Specification,https://www.acs.com.hk/en/products/476/acosj-p-pboc-3.0-dc-ec-card/,acs,library/ACS-ACOSJ-P-PBOC-3.0-DC-EC-Card.html,no,,0.55,2026-08-16,active,,,emv-payment-pqc,,ACS-ACOSJ-P-PBOC-3.0-DC-EC-Card,"PBOC 3.0 is a China-specific domestic card scheme, not a protocol tracked by the Algorithms > Protocol Support matrix.",ACS-ACOSJ-P-PBOC-3.0-DC-EC-Card,technical,,none,,de-facto,"not specified (EAL4+ traceable only to test-lab marketing, not to mandate text)",,none,,mandated,China OSCCA 商用密码产品认证 (GM/T 0045 + GM/T 0028; level not verified),all-of,China-Cryptography-Law-2019-NPC;UnionPay-UPCA-GZ-12-01-Terminal-Security-Certification-Rules-v4-2,,,
Automotive / Connected Vehicles,auto-tachograph,Digital tachograph (Smart Tachograph) security,Gauge,,,none,ECDSA;ECDH;AES;SHA,,none,"The EU Smart Tachograph (Reg. (EU) 2016/799 Annex 1C) authenticates the vehicle unit, tachograph card, motion sensor, and external GNSS facility using ECDSA/ECDH key establishment with AES/SHA symmetric protection -- confirmed by reading the regulation's own cryptographic interface specification directly, not assumed. No PQC migration path exists yet. Split out from the general in-vehicle-networks row because its Common Criteria certification mandate is real but does NOT extend to general in-vehicle Ethernet/CAN/HSM key storage.",,"Commission Implementing Regulation (EU) 2016/799 -- Smart Tachograph, Annex 1C",https://dtc.jrc.ec.europa.eu/iot_doc/EU%202016-799-EN.pdf,jrc,library/EU-2016-799-Smart-Tachograph.pdf,no,European Commission,85,2026-08-16,active,,,automotive-pqc,,EU-2016-799-Smart-Tachograph,"The tachograph cryptographic interface is a closed device-to-device protocol defined entirely within Reg. (EU) 2016/799 Annex 1C, not a protocol tracked by the Algorithms > Protocol Support matrix.",EU-2016-799-Smart-Tachograph,technical,,none,,mandated,4 Commission PPs for digital-tachograph components (VU PP lineage BSI-CC-PP-0057),SOG-IS / JIWG,none,,none,,all-of,EU-2016-799-Smart-Tachograph,,,
Aerospace / Aviation,Controller-Pilot-Data-Link-Communications-CPDLC,Controller-Pilot Data Link Communications (CPDLC),Lock,,,none,,,none,"STUB — needs complete-industry-landscape-row. Human note: IATA aviation cybersecurity fact sheet: quantum threat to CPDLC (distinct from ADS-B/ACARS already covered by aero-atc-datalink, and from SATCOM already covered by aero-satcom), PQC adoption in ATA Spec 42 2026 update",,Controller-Pilot Data Link Communications (CPDLC),https://www.iata.org/en/iata-repository/pressroom/fact-sheets/fact-sheet-cyber-security/,iata-international-air-transpo,industry-landscape/Controller-Pilot-Data-Link-Communications-CPDLC.pdf,,,0,2026-09-01,active,,,aerospace-pqc,,,STUB — protocols not yet determined; complete-industry-landscape-row must set protocols_current/protocols_target or record a real reason,,,,,,,,,,,,,,,,,
